,Title,Streaming On,Price
0,The shawshank redemption,YouTube,3.99
1,The shawshank redemption,iTunes,3.99
2,The shawshank redemption,Google Play Movies & TV,3.99
3,The shawshank redemption,Vudu,3.99
4,The shawshank redemption,Amazon Prime Video,3.99
5,The shawshank redemption,Philo,Subscription
6,The shawshank redemption,YouTube,3.99
7,The shawshank redemption,iTunes,3.99
8,The shawshank redemption,Google Play Movies & TV,3.99
9,The shawshank redemption,Vudu,3.99
10,The shawshank redemption,Amazon Prime Video,3.99
11,The shawshank redemption,Philo,Subscription
12,The shawshank redemption,YouTube,3.99
13,The shawshank redemption,iTunes,3.99
14,The shawshank redemption,Google Play Movies & TV,3.99
15,The shawshank redemption,Vudu,3.99
16,The shawshank redemption,Amazon Prime Video,3.99
17,The shawshank redemption,Philo,Subscription
18,The shawshank redemption,YouTube,3.99
19,The shawshank redemption,iTunes,3.99
20,The shawshank redemption,Google Play Movies & TV,3.99
21,The shawshank redemption,Vudu,3.99
22,The shawshank redemption,Amazon Prime Video,3.99
23,The shawshank redemption,Philo,Subscription
24,The shawshank redemption,YouTube,3.99
25,The shawshank redemption,iTunes,3.99
26,The shawshank redemption,Google Play Movies & TV,3.99
27,The shawshank redemption,Vudu,3.99
28,The shawshank redemption,Amazon Prime Video,3.99
29,The shawshank redemption,Philo,Subscription
30,The godfather,YouTube,2.99
31,The godfather,Google Play Movies & TV,2.99
32,The godfather,Vudu,2.99
33,The godfather,Amazon Prime Video,2.99
34,The godfather: part ii,YouTube,2.99
35,The godfather: part ii,Google Play Movies & TV,2.99
36,The godfather: part ii,Vudu,2.99
37,The godfather: part ii,Amazon Prime Video,2.99
38,The dark knight,YouTube,3.99
39,The dark knight,Google Play Movies & TV,3.99
40,The dark knight,iTunes,3.99
41,The dark knight,Vudu,3.99
42,The dark knight,Amazon Prime Video,3.99
43,The dark knight,Hulu,Subscription
44,12 angry men,Amazon Prime Video,2.99
45,12 angry men,YouTube,3.99
46,12 angry men,Google Play Movies & TV,3.99
47,12 angry men,iTunes,3.99
48,12 angry men,Vudu,3.99
49,Schindler's list,YouTube,3.99
50,Schindler's list,Google Play Movies & TV,3.99
51,Schindler's list,Vudu,3.99
52,Schindler's list,iTunes,3.99
53,Schindler's list,Amazon Prime Video,3.99
54,Schindler's list,Hulu,Subscription
55,The lord of the rings: the return of the king,YouTube,3.99
56,The lord of the rings: the return of the king,iTunes,3.99
57,The lord of the rings: the return of the king,Google Play Movies & TV,3.99
58,The lord of the rings: the return of the king,Vudu,3.99
59,The lord of the rings: the return of the king,Amazon Prime Video,3.99
60,Pulp fiction,YouTube,3.99
61,Pulp fiction,Google Play Movies & TV,3.99
62,Pulp fiction,iTunes,3.99
63,Pulp fiction,Vudu,3.99
64,Pulp fiction,Amazon Prime Video,3.99
65,Pulp fiction,Hulu,Subscription
66,"The good, the bad and the ugly",Amazon Prime Video,0.99
67,"The good, the bad and the ugly",YouTube,3.99
68,"The good, the bad and the ugly",iTunes,3.99
69,"The good, the bad and the ugly",Google Play Movies & TV,3.99
70,"The good, the bad and the ugly",Vudu,3.99
71,"The good, the bad and the ugly",Netflix,Subscription
72,The lord of the rings: the fellowship of the ring,Vudu,2.99
73,The lord of the rings: the fellowship of the ring,Amazon Prime Video,2.99
74,The lord of the rings: the fellowship of the ring,YouTube,3.99
75,The lord of the rings: the fellowship of the ring,iTunes,3.99
76,Fight club,YouTube,3.99
77,Fight club,Google Play Movies & TV,3.99
78,Fight club,Vudu,3.99
79,Fight club,Amazon Prime Video,3.99
80,Fight club,Hulu,Subscription
81,Fight club,HBO Now,Subscription
82,Forrest gump,YouTube,2.99
83,Forrest gump,Google Play Movies & TV,2.99
84,Forrest gump,Vudu,2.99
85,Forrest gump,Amazon Prime Video,2.99
86,Forrest gump,iTunes,3.99
87,Forrest gump,Hulu,Subscription
88,Inception,YouTube,3.99
89,Inception,Google Play Movies & TV,3.99
90,Inception,iTunes,3.99
91,Inception,Vudu,3.99
92,Inception,Amazon Prime Video,3.99
93,Inception,Netflix,Subscription
94,Star wars: episode v - the empire strikes back,YouTube,19.99
95,Star wars: episode v - the empire strikes back,Google Play Movies & TV,19.99
96,Star wars: episode v - the empire strikes back,iTunes,19.99
97,Star wars: episode v - the empire strikes back,Vudu,19.99
98,Star wars: episode v - the empire strikes back,Amazon Prime Video,19.99
99,Star wars: episode v - the empire strikes back,Hulu,Subscription
100,The lord of the rings: the two towers,iTunes,3.99
101,The lord of the rings: the two towers,Google Play Movies & TV,3.99
102,The lord of the rings: the two towers,Vudu,3.99
103,The lord of the rings: the two towers,Amazon Prime Video,3.99
104,The matrix,YouTube,3.99
105,The matrix,iTunes,3.99
106,The matrix,Google Play Movies & TV,3.99
107,The matrix,Vudu,3.99
108,The matrix,Amazon Prime Video,3.99
109,The matrix,Netflix,Subscription
110,Goodfellas,YouTube,3.99
111,Goodfellas,Google Play Movies & TV,3.99
112,Goodfellas,iTunes,3.99
113,Goodfellas,Vudu,3.99
114,Goodfellas,Amazon Prime Video,3.99
115,Goodfellas,Hulu,Subscription
116,One flew over the cuckoo's nest,YouTube,3.99
117,One flew over the cuckoo's nest,Google Play Movies & TV,3.99
118,One flew over the cuckoo's nest,iTunes,3.99
119,One flew over the cuckoo's nest,Vudu,3.99
120,One flew over the cuckoo's nest,Amazon Prime Video,3.99
121,Seven samurai,YouTube,2.99
122,Seven samurai,Google Play Movies & TV,2.99
123,Seven samurai,Vudu,2.99
124,Seven samurai,Amazon Prime Video,2.99
125,Seven samurai,iTunes,3.99
126,Se7en,YouTube,3.99
127,Se7en,iTunes,3.99
128,Se7en,Google Play Movies & TV,3.99
129,Se7en,Vudu,3.99
130,Se7en,Amazon Prime Video,3.99
131,Se7en,Hulu,Subscription
132,Life is beautiful,YouTube,3.99
133,Life is beautiful,Google Play Movies & TV,3.99
134,Life is beautiful,iTunes,3.99
135,Life is beautiful,Vudu,3.99
136,Life is beautiful,Amazon Prime Video,3.99
137,Life is beautiful,Hulu,Subscription
138,City of god,YouTube,3.99
139,City of god,Google Play Movies & TV,3.99
140,City of god,iTunes,3.99
141,City of god,Vudu,3.99
142,City of god,Amazon Prime Video,3.99
143,The silence of the lambs,YouTube,3.99
144,The silence of the lambs,Google Play Movies & TV,3.99
145,The silence of the lambs,iTunes,3.99
146,The silence of the lambs,Vudu,3.99
147,The silence of the lambs,Amazon Prime Video,3.99
148,The silence of the lambs,Sling TV,Subscription
149,It's a wonderful life,YouTube,2.99
150,It's a wonderful life,Google Play Movies & TV,2.99
151,It's a wonderful life,Vudu,2.99
152,It's a wonderful life,Amazon Prime Video,2.99
153,It's a wonderful life,iTunes,12.99
154,Star wars: episode iv - a new hope,YouTube,19.99
155,Star wars: episode iv - a new hope,iTunes,19.99
156,Star wars: episode iv - a new hope,Google Play Movies & TV,19.99
157,Star wars: episode iv - a new hope,Vudu,19.99
158,Star wars: episode iv - a new hope,Amazon Prime Video,19.99
159,Star wars: episode iv - a new hope,Hulu,Subscription
160,Parasite,YouTube,3.99
161,Parasite,Google Play Movies & TV,3.99
162,Parasite,Amazon Prime Video,3.99
163,Parasite,Vudu,5.99
164,Parasite,Hulu,Subscription
165,Saving private ryan,YouTube,2.99
166,Saving private ryan,Google Play Movies & TV,2.99
167,Saving private ryan,Vudu,2.99
168,Saving private ryan,Amazon Prime Video,2.99
169,Saving private ryan,iTunes,3.99
170,Saving private ryan,Sling TV,Subscription
171,Spirited away,YouTube,11.99
172,Spirited away,Google Play Movies & TV,11.99
173,Spirited away,Vudu,11.99
174,Spirited away,Amazon Prime Video,11.99
175,The green mile,YouTube,3.99
176,The green mile,Google Play Movies & TV,3.99
177,The green mile,Vudu,3.99
178,The green mile,iTunes,3.99
179,The green mile,Amazon Prime Video,3.99
180,The green mile,Hulu,Subscription
181,Interstellar,YouTube,2.99
182,Interstellar,Google Play Movies & TV,2.99
183,Interstellar,Vudu,2.99
184,Interstellar,Amazon Prime Video,2.99
185,Interstellar,iTunes,3.99
186,Interstellar,Hulu,Subscription
187,Léon: the professional,Vudu,2.99
188,Léon: the professional,Amazon Prime Video,2.99
189,Léon: the professional,YouTube,9.99
190,Léon: the professional,Google Play Movies & TV,9.99
191,The usual suspects,YouTube,Free
192,The usual suspects,Tubi,Free
193,The usual suspects,Google Play Movies & TV,3.99
194,The usual suspects,iTunes,3.99
195,The usual suspects,Vudu,3.99
196,The usual suspects,Amazon Prime Video,3.99
197,Harakiri,iTunes,3.99
198,Harakiri,Amazon Prime Video,3.99
199,The lion king,YouTube,14.99
200,The lion king,Google Play Movies & TV,14.99
201,The lion king,iTunes,14.99
202,The lion king,Vudu,14.99
203,The lion king,Amazon Prime Video,14.99
204,The lion king,Disney+,Subscription
205,American history x,YouTube,3.99
206,American history x,Google Play Movies & TV,3.99
207,American history x,iTunes,3.99
208,American history x,Vudu,3.99
209,American history x,Amazon Prime Video,3.99
210,American history x,Hulu,Subscription
211,The pianist,YouTube,3.99
212,The pianist,Google Play Movies & TV,3.99
213,The pianist,iTunes,3.99
214,The pianist,Vudu,3.99
215,The pianist,Amazon Prime Video,3.99
216,The pianist,Netflix,Subscription
217,Terminator 2: judgment day,YouTube,2.99
218,Terminator 2: judgment day,Google Play Movies & TV,2.99
219,Terminator 2: judgment day,Vudu,2.99
220,Terminator 2: judgment day,Amazon Prime Video,2.99
221,Terminator 2: judgment day,iTunes,3.99
222,Back to the future,YouTube,3.99
223,Back to the future,Google Play Movies & TV,3.99
224,Back to the future,iTunes,3.99
225,Back to the future,Vudu,3.99
226,Back to the future,Amazon Prime Video,3.99
227,Back to the future,Netflix,Subscription
228,Modern times,Amazon Prime Video,3.99
229,Psycho,YouTube,3.99
230,Psycho,Google Play Movies & TV,3.99
231,Psycho,iTunes,3.99
232,Psycho,Vudu,3.99
233,Psycho,Amazon Prime Video,3.99
234,Psycho,Philo,Subscription
235,Gladiator,YouTube,2.99
236,Gladiator,Google Play Movies & TV,2.99
237,Gladiator,Vudu,2.99
238,Gladiator,Amazon Prime Video,2.99
239,Gladiator,iTunes,3.99
240,City lights,YouTube,2.99
241,City lights,Google Play Movies & TV,2.99
242,City lights,Vudu,2.99
243,City lights,Amazon Prime Video,2.99
244,The departed,YouTube,3.99
245,The departed,Google Play Movies & TV,3.99
246,The departed,Vudu,3.99
247,The departed,iTunes,3.99
248,The departed,Amazon Prime Video,3.99
249,The intouchables,Tubi,Free
250,The intouchables,Vudu,Free
251,The intouchables,iTunes,3.99
252,Whiplash,Vudu,2.99
253,Whiplash,YouTube,3.99
254,Whiplash,iTunes,3.99
255,Whiplash,Google Play Movies & TV,3.99
256,The prestige,YouTube,2.99
257,The prestige,Google Play Movies & TV,2.99
258,The prestige,iTunes,2.99
259,The prestige,Amazon Prime Video,2.99
260,The prestige,Vudu,3.99
261,The prestige,Hulu,Subscription
262,Once upon a time in the west,Crackle,Free
263,Once upon a time in the west,YouTube,2.99
264,Once upon a time in the west,Google Play Movies & TV,2.99
265,Once upon a time in the west,Vudu,2.99
266,Once upon a time in the west,Amazon Prime Video,2.99
267,Once upon a time in the west,iTunes,3.99
268,Grave of the fireflies,Vudu,2.99
269,Grave of the fireflies,iTunes,3.99
270,Grave of the fireflies,Hulu,Subscription
271,Casablanca,YouTube,3.99
272,Casablanca,iTunes,3.99
273,Casablanca,Google Play Movies & TV,3.99
274,Casablanca,Vudu,3.99
275,Casablanca,Amazon Prime Video,3.99
276,Cinema paradiso,YouTube,3.99
277,Cinema paradiso,iTunes,3.99
278,Cinema paradiso,Google Play Movies & TV,3.99
279,Cinema paradiso,Hulu,Subscription
280,Cinema paradiso,HBO Now,Subscription
281,Cinema paradiso,Amazon Prime Video,Subscription
282,Rear window,YouTube,3.99
283,Rear window,Google Play Movies & TV,3.99
284,Rear window,iTunes,3.99
285,Rear window,Vudu,3.99
286,Rear window,Amazon Prime Video,3.99
287,Rear window,Philo,Subscription
288,Joker,YouTube,2.99
289,Joker,Google Play Movies & TV,2.99
290,Joker,Amazon Prime Video,2.99
291,Joker,Vudu,5.99
292,Alien,YouTube,3.99
293,Alien,iTunes,3.99
294,Alien,Google Play Movies & TV,3.99
295,Alien,Vudu,3.99
296,Alien,Amazon Prime Video,3.99
297,Alien,Hulu,Subscription
298,Apocalypse now,YouTube,3.99
299,Apocalypse now,iTunes,3.99
300,Apocalypse now,Vudu,3.99
301,Apocalypse now,Google Play Movies & TV,3.99
302,Apocalypse now,Hulu,Subscription
303,Apocalypse now,HBO Now,Subscription
304,Memento,Tubi,Free
305,Memento,YouTube,2.99
306,Memento,Google Play Movies & TV,2.99
307,Memento,Vudu,2.99
308,Memento,Amazon Prime Video,2.99
309,Raiders of the lost ark,YouTube,2.99
310,Raiders of the lost ark,Google Play Movies & TV,2.99
311,Raiders of the lost ark,Vudu,2.99
312,Raiders of the lost ark,Amazon Prime Video,2.99
313,Raiders of the lost ark,iTunes,3.99
314,Raiders of the lost ark,Netflix,Subscription
315,The great dictator,Amazon Prime Video,3.99
316,The lives of others,Vudu,2.99
317,The lives of others,Amazon Prime Video,2.99
318,The lives of others,YouTube,3.99
319,The lives of others,iTunes,3.99
320,The lives of others,Google Play Movies & TV,3.99
321,Django unchained,YouTube,3.99
322,Django unchained,Google Play Movies & TV,3.99
323,Django unchained,Vudu,3.99
324,Django unchained,iTunes,3.99
325,Django unchained,Amazon Prime Video,3.99
326,Django unchained,Netflix,Subscription
327,Paths of glory,Amazon Prime Video,0.99
328,Paths of glory,YouTube,3.99
329,Paths of glory,iTunes,3.99
330,Paths of glory,Google Play Movies & TV,3.99
331,Paths of glory,Vudu,3.99
332,The shining,YouTube,3.99
333,The shining,Google Play Movies & TV,3.99
334,The shining,Vudu,3.99
335,The shining,iTunes,3.99
336,The shining,Amazon Prime Video,3.99
337,Avengers: infinity war,Google Play Movies & TV,2.99
338,Avengers: infinity war,YouTube,2.99
339,Avengers: infinity war,Amazon Prime Video,2.99
340,Avengers: infinity war,Vudu,3.99
341,Avengers: infinity war,Netflix,Subscription
342,Wall·e,YouTube,2.99
343,Wall·e,Google Play Movies & TV,2.99
344,Wall·e,Amazon Prime Video,2.99
345,Wall·e,Vudu,3.99
346,Wall·e,Disney+,Subscription
347,Sunset blvd,Crackle,Free
348,Sunset blvd,YouTube,2.99
349,Sunset blvd,Google Play Movies & TV,2.99
350,Sunset blvd,Vudu,2.99
351,Sunset blvd,Amazon Prime Video,2.99
352,Sunset blvd,iTunes,3.99
353,Spider-man: into the spider-verse,Amazon Prime Video,2.99
354,Spider-man: into the spider-verse,YouTube,3.99
355,Spider-man: into the spider-verse,Google Play Movies & TV,3.99
356,Spider-man: into the spider-verse,Netflix,Subscription
357,Princess mononoke,YouTube,11.99
358,Princess mononoke,Google Play Movies & TV,11.99
359,Princess mononoke,Vudu,11.99
360,Princess mononoke,Amazon Prime Video,11.99
361,Dr,Vudu,2.99
362,Dr,Amazon Prime Video,2.99
363,Dr,YouTube,3.99
364,Dr,iTunes,3.99
365,Dr,Google Play Movies & TV,3.99
366,Dr,Netflix,Subscription
367,Oldboy,Vudu,Free
368,Oldboy,Amazon Prime Video,Subscription
369,Witness for the prosecution,YouTube,3.99
370,Witness for the prosecution,iTunes,3.99
371,Witness for the prosecution,Google Play Movies & TV,3.99
372,Witness for the prosecution,Vudu,3.99
373,Witness for the prosecution,Amazon Prime Video,3.99
374,Anand,YouTube,2.99
375,Anand,Google Play Movies & TV,2.99
376,Anand,Amazon Prime Video,Subscription
377,Avengers: endgame,Google Play Movies & TV,2.99
378,Avengers: endgame,YouTube,2.99
379,Avengers: endgame,Vudu,3.99
380,Avengers: endgame,Disney+,Subscription
381,The dark knight rises,YouTube,3.99
382,The dark knight rises,Google Play Movies & TV,3.99
383,The dark knight rises,Vudu,3.99
384,The dark knight rises,iTunes,3.99
385,The dark knight rises,Amazon Prime Video,3.99
386,Once upon a time in america,YouTube,3.99
387,Once upon a time in america,iTunes,3.99
388,Once upon a time in america,Google Play Movies & TV,3.99
389,Once upon a time in america,Vudu,3.99
390,Aliens,YouTube,3.99
391,Aliens,Google Play Movies & TV,3.99
392,Aliens,iTunes,3.99
393,Aliens,Vudu,3.99
394,Aliens,Amazon Prime Video,3.99
395,Aliens,HBO Now,Subscription
396,Your name,Vudu,2.99
397,Your name,Amazon Prime Video,2.99
398,Your name,YouTube,3.99
399,Your name,Google Play Movies & TV,3.99
400,Coco,YouTube,2.99
401,Coco,Google Play Movies & TV,2.99
402,Coco,Amazon Prime Video,2.99
403,Coco,Vudu,3.99
404,Coco,Disney+,Subscription
405,American beauty,Google Play Movies & TV,2.99
406,American beauty,YouTube,2.99
407,American beauty,Vudu,2.99
408,American beauty,Amazon Prime Video,2.99
409,American beauty,iTunes,3.99
410,American beauty,Hulu,Subscription
411,Braveheart,YouTube,2.99
412,Braveheart,Vudu,2.99
413,Braveheart,Google Play Movies & TV,2.99
414,Braveheart,Amazon Prime Video,2.99
415,Braveheart,iTunes,3.99
416,Das boot,Vudu,2.99
417,Das boot,Amazon Prime Video,2.99
418,Das boot,YouTube,3.99
419,Das boot,iTunes,3.99
420,Das boot,Google Play Movies & TV,3.99
421,3 idiots,Sling TV,Free
422,3 idiots,Netflix,Subscription
423,3 idiots,Amazon Prime Video,Subscription
424,Toy story,YouTube,2.99
425,Toy story,Google Play Movies & TV,2.99
426,Toy story,iTunes,2.99
427,Toy story,Amazon Prime Video,2.99
428,Toy story,Vudu,3.99
429,Toy story,Disney+,Subscription
430,High and low,iTunes,3.99
431,High and low,Amazon Prime Video,3.99
432,1917,YouTube,5.99
433,1917,Vudu,5.99
434,1917,Google Play Movies & TV,5.99
435,1917,Amazon Prime Video,5.99
436,Taare zameen par,Netflix,Subscription
437,Taare zameen par,Sling TV,Subscription
438,Star wars: episode vi - return of the jedi,YouTube,19.99
439,Star wars: episode vi - return of the jedi,Vudu,19.99
440,Star wars: episode vi - return of the jedi,iTunes,19.99
441,Star wars: episode vi - return of the jedi,Google Play Movies & TV,19.99
442,Star wars: episode vi - return of the jedi,Amazon Prime Video,19.99
443,Star wars: episode vi - return of the jedi,Hulu,Subscription
444,Amadeus,YouTube,3.99
445,Amadeus,iTunes,3.99
446,Amadeus,Google Play Movies & TV,3.99
447,Amadeus,Vudu,3.99
448,Amadeus,Amazon Prime Video,3.99
449,Reservoir dogs,YouTube,3.99
450,Reservoir dogs,Google Play Movies & TV,3.99
451,Reservoir dogs,iTunes,3.99
452,Reservoir dogs,Vudu,3.99
453,Reservoir dogs,Amazon Prime Video,3.99
454,Inglourious basterds,YouTube,3.99
455,Inglourious basterds,Google Play Movies & TV,3.99
456,Inglourious basterds,iTunes,3.99
457,Inglourious basterds,Vudu,3.99
458,Inglourious basterds,Amazon Prime Video,3.99
459,Inglourious basterds,Netflix,Subscription
460,Good will hunting,YouTube,3.99
461,Good will hunting,Google Play Movies & TV,3.99
462,Good will hunting,iTunes,3.99
463,Good will hunting,Vudu,3.99
464,Good will hunting,Amazon Prime Video,3.99
465,Good will hunting,Hulu,Subscription
466,2001: a space odyssey,YouTube,3.99
467,2001: a space odyssey,Google Play Movies & TV,3.99
468,2001: a space odyssey,Vudu,3.99
469,2001: a space odyssey,iTunes,3.99
470,2001: a space odyssey,Amazon Prime Video,3.99
471,Vertigo,YouTube,3.99
472,Vertigo,Google Play Movies & TV,3.99
473,Vertigo,iTunes,3.99
474,Vertigo,Vudu,3.99
475,Vertigo,Amazon Prime Video,3.99
476,Vertigo,Philo,Subscription
477,Requiem for a dream,YouTube,3.99
478,Requiem for a dream,Google Play Movies & TV,3.99
479,Requiem for a dream,iTunes,3.99
480,Requiem for a dream,Vudu,3.99
481,Requiem for a dream,Amazon Prime Video,3.99
482,Requiem for a dream,Hulu,Subscription
483,M,Vudu,2.99
484,M,Amazon Prime Video,2.99
485,M,iTunes,3.99
486,Dangal,Netflix,Subscription
487,Eternal sunshine of the spotless mind,YouTube,3.99
488,Eternal sunshine of the spotless mind,Google Play Movies & TV,3.99
489,Eternal sunshine of the spotless mind,Vudu,3.99
490,Eternal sunshine of the spotless mind,iTunes,3.99
491,Eternal sunshine of the spotless mind,Amazon Prime Video,3.99
492,Eternal sunshine of the spotless mind,Hulu,Subscription
493,Citizen kane,YouTube,3.99
494,Citizen kane,iTunes,3.99
495,Citizen kane,Google Play Movies & TV,3.99
496,Citizen kane,Vudu,3.99
497,Citizen kane,Amazon Prime Video,3.99
498,The hunt,YouTube,19.99
499,The hunt,Google Play Movies & TV,19.99
500,The hunt,Amazon Prime Video,19.99
501,Capharnaüm,YouTube,12.99
502,Capharnaüm,Google Play Movies & TV,12.99
503,Capharnaüm,Amazon Prime Video,12.99
504,Capharnaüm,Vudu,13.99
505,Capharnaüm,Hulu,Subscription
506,Capharnaüm,Sling TV,Subscription
507,Full metal jacket,YouTube,3.99
508,Full metal jacket,Google Play Movies & TV,3.99
509,Full metal jacket,Vudu,3.99
510,Full metal jacket,Amazon Prime Video,3.99
511,North by northwest,YouTube,3.99
512,North by northwest,iTunes,3.99
513,North by northwest,Google Play Movies & TV,3.99
514,North by northwest,Vudu,3.99
515,North by northwest,Amazon Prime Video,3.99
516,A clockwork orange,YouTube,1.99
517,A clockwork orange,Google Play Movies & TV,1.99
518,A clockwork orange,Amazon Prime Video,1.99
519,A clockwork orange,iTunes,3.99
520,A clockwork orange,Vudu,3.99
521,Bicycle thieves,YouTube,2.99
522,Bicycle thieves,Google Play Movies & TV,2.99
523,Bicycle thieves,Vudu,2.99
524,Bicycle thieves,Amazon Prime Video,2.99
525,Bicycle thieves,iTunes,3.99
526,The kid,Amazon Prime Video,2.99
527,The kid,YouTube,9.99
528,The kid,Google Play Movies & TV,9.99
529,The kid,Hulu,Subscription
530,The kid,Sling TV,Subscription
531,Snatch,Vudu,2.99
532,Snatch,Amazon Prime Video,2.99
533,Snatch,YouTube,3.99
534,Snatch,iTunes,3.99
535,Snatch,Google Play Movies & TV,3.99
536,Snatch,Hulu,Subscription
537,Singin' in the rain,YouTube,3.99
538,Singin' in the rain,Google Play Movies & TV,3.99
539,Singin' in the rain,iTunes,3.99
540,Singin' in the rain,Vudu,3.99
541,Singin' in the rain,Amazon Prime Video,3.99
542,Scarface,YouTube,3.99
543,Scarface,Google Play Movies & TV,3.99
544,Scarface,Vudu,3.99
545,Scarface,iTunes,3.99
546,Scarface,Amazon Prime Video,3.99
547,Scarface,Hulu,Subscription
548,Taxi driver,Vudu,2.99
549,Taxi driver,Amazon Prime Video,2.99
550,Taxi driver,YouTube,3.99
551,Taxi driver,iTunes,3.99
552,Taxi driver,Google Play Movies & TV,3.99
553,Taxi driver,Netflix,Subscription
554,Amélie,iTunes,3.99
555,Amélie,Hulu,Subscription
556,Amélie,Amazon Prime Video,Subscription
557,Lawrence of arabia,Vudu,2.99
558,Lawrence of arabia,Amazon Prime Video,2.99
559,Lawrence of arabia,YouTube,3.99
560,Lawrence of arabia,Google Play Movies & TV,3.99
561,Lawrence of arabia,iTunes,3.99
562,The sting,YouTube,3.99
563,The sting,iTunes,3.99
564,The sting,Google Play Movies & TV,3.99
565,The sting,Vudu,3.99
566,The sting,Amazon Prime Video,3.99
567,Toy story 3,YouTube,2.99
568,Toy story 3,iTunes,2.99
569,Toy story 3,Google Play Movies & TV,2.99
570,Toy story 3,Amazon Prime Video,2.99
571,Toy story 3,Vudu,3.99
572,Toy story 3,Disney+,Subscription
573,Metropolis,YouTube,2.99
574,Metropolis,Google Play Movies & TV,2.99
575,Metropolis,Amazon Prime Video,2.99
576,Metropolis,Hulu,Subscription
577,Metropolis,Sling TV,Subscription
578,Metropolis,fuboTV,Subscription
579,Ikiru,YouTube,2.99
580,Ikiru,Google Play Movies & TV,2.99
581,Ikiru,Vudu,2.99
582,Ikiru,Amazon Prime Video,2.99
583,Ikiru,iTunes,3.99
584,For a few dollars more,Amazon Prime Video,0.99
585,For a few dollars more,YouTube,3.99
586,For a few dollars more,iTunes,3.99
587,For a few dollars more,Google Play Movies & TV,3.99
588,For a few dollars more,Vudu,3.99
589,For a few dollars more,Hulu,Subscription
590,A separation,Vudu,2.99
591,A separation,Amazon Prime Video,2.99
592,A separation,YouTube,3.99
593,A separation,iTunes,3.99
594,A separation,Google Play Movies & TV,3.99
595,Double indemnity,YouTube,3.99
596,Double indemnity,iTunes,3.99
597,Double indemnity,Google Play Movies & TV,3.99
598,Double indemnity,Vudu,3.99
599,Double indemnity,Amazon Prime Video,3.99
600,The apartment,Amazon Prime Video,0.99
601,The apartment,YouTube,3.99
602,The apartment,iTunes,3.99
603,The apartment,Google Play Movies & TV,3.99
604,The apartment,Vudu,3.99
605,Incendies,Vudu,2.99
606,Incendies,Amazon Prime Video,2.99
607,Incendies,YouTube,3.99
608,Incendies,iTunes,3.99
609,Incendies,Google Play Movies & TV,3.99
610,To kill a mockingbird,iTunes,3.99
611,To kill a mockingbird,Vudu,9.99
612,To kill a mockingbird,Amazon Prime Video,Subscription
613,Indiana jones and the last crusade,YouTube,2.99
614,Indiana jones and the last crusade,Google Play Movies & TV,2.99
615,Indiana jones and the last crusade,Vudu,2.99
616,Indiana jones and the last crusade,Amazon Prime Video,2.99
617,Indiana jones and the last crusade,iTunes,3.99
618,Indiana jones and the last crusade,Netflix,Subscription
619,Up,YouTube,2.99
620,Up,Google Play Movies & TV,2.99
621,Up,iTunes,2.99
622,Up,Amazon Prime Video,2.99
623,Up,Vudu,3.99
624,Up,Disney+,Subscription
625,Heat,YouTube,3.99
626,Heat,iTunes,3.99
627,Heat,Google Play Movies & TV,3.99
628,Heat,Vudu,3.99
629,Heat,Amazon Prime Video,3.99
630,Monty python and the holy grail,iTunes,3.99
631,Monty python and the holy grail,Amazon Prime Video,3.99
632,Monty python and the holy grail,YouTube,12.99
633,Monty python and the holy grail,Google Play Movies & TV,12.99
634,Monty python and the holy grail,Netflix,Subscription
635,Die hard,YouTube,3.99
636,Die hard,iTunes,3.99
637,Die hard,Vudu,3.99
638,Die hard,Google Play Movies & TV,3.99
639,Die hard,Amazon Prime Video,3.99
640,Die hard,Hulu,Subscription
641,Rashômon,iTunes,3.99
642,Rashômon,Amazon Prime Video,3.99
643,Yojimbo,iTunes,3.99
644,Yojimbo,Amazon Prime Video,3.99
645,Batman begins,YouTube,3.99
646,Batman begins,Google Play Movies & TV,3.99
647,Batman begins,iTunes,3.99
648,Batman begins,Vudu,3.99
649,Batman begins,Amazon Prime Video,3.99
650,Batman begins,Hulu,Subscription
651,Come and see,Vudu,2.00
652,Green book,Vudu,5.99
653,Green book,YouTube,14.99
654,Green book,Google Play Movies & TV,14.99
655,Green book,Amazon Prime Video,14.99
656,Green book,Hulu,Subscription
657,Green book,Showtime,Subscription
658,Children of heaven,YouTube,3.99
659,Children of heaven,Google Play Movies & TV,3.99
660,Children of heaven,Vudu,3.99
661,Children of heaven,Amazon Prime Video,3.99
662,Downfall,YouTube,2.99
663,Downfall,Google Play Movies & TV,2.99
664,Downfall,Vudu,2.99
665,Downfall,Amazon Prime Video,2.99
666,Unforgiven,YouTube,3.99
667,Unforgiven,Google Play Movies & TV,3.99
668,Unforgiven,iTunes,3.99
669,Unforgiven,Vudu,3.99
670,Unforgiven,Amazon Prime Video,3.99
671,Some like it hot,YouTube,3.99
672,Some like it hot,iTunes,3.99
673,Some like it hot,Google Play Movies & TV,3.99
674,Some like it hot,Vudu,3.99
675,Ran,YouTube,3.99
676,Ran,iTunes,3.99
677,Ran,Google Play Movies & TV,3.99
678,Ran,Vudu,3.99
679,Howl's moving castle,YouTube,11.99
680,Howl's moving castle,Google Play Movies & TV,11.99
681,Howl's moving castle,Vudu,11.99
682,Howl's moving castle,Amazon Prime Video,11.99
683,The great escape,Amazon Prime Video,0.99
684,The great escape,YouTube,3.99
685,The great escape,iTunes,3.99
686,The great escape,Google Play Movies & TV,3.99
687,The great escape,Vudu,3.99
688,All about eve,YouTube,3.99
689,All about eve,iTunes,3.99
690,All about eve,Google Play Movies & TV,3.99
691,All about eve,Vudu,3.99
692,All about eve,Amazon Prime Video,3.99
693,A beautiful mind,YouTube,3.99
694,A beautiful mind,Google Play Movies & TV,3.99
695,A beautiful mind,Vudu,3.99
696,A beautiful mind,iTunes,3.99
697,A beautiful mind,Amazon Prime Video,3.99
698,A beautiful mind,Hulu,Subscription
699,Casino,YouTube,3.99
700,Casino,Google Play Movies & TV,3.99
701,Casino,iTunes,3.99
702,Casino,Vudu,3.99
703,Casino,Amazon Prime Video,3.99
704,Casino,Hulu,Subscription
705,Pan's labyrinth,YouTube,3.99
706,Pan's labyrinth,Google Play Movies & TV,3.99
707,Pan's labyrinth,iTunes,3.99
708,Pan's labyrinth,Vudu,3.99
709,Pan's labyrinth,Amazon Prime Video,3.99
710,Pan's labyrinth,Netflix,Subscription
711,The secret in their eyes,iTunes,3.99
712,The secret in their eyes,Vudu,3.99
713,The secret in their eyes,Amazon Prime Video,3.99
714,The secret in their eyes,YouTube,14.99
715,The secret in their eyes,Google Play Movies & TV,14.99
716,The secret in their eyes,Netflix,Subscription
717,My neighbor totoro,YouTube,11.99
718,My neighbor totoro,Google Play Movies & TV,11.99
719,My neighbor totoro,Vudu,11.99
720,My neighbor totoro,Amazon Prime Video,11.99
721,The wolf of wall street,YouTube,2.99
722,The wolf of wall street,Google Play Movies & TV,2.99
723,The wolf of wall street,Vudu,2.99
724,The wolf of wall street,Amazon Prime Video,2.99
725,The wolf of wall street,iTunes,3.99
726,The wolf of wall street,Hulu,Subscription
727,Raging bull,Vudu,Free
728,Raging bull,Amazon Prime Video,0.99
729,Raging bull,YouTube,3.99
730,Raging bull,iTunes,3.99
731,Raging bull,Google Play Movies & TV,3.99
732,Raging bull,Cinemax,Subscription
733,"Lock, stock and two smoking barrels",YouTube,3.99
734,"Lock, stock and two smoking barrels",iTunes,3.99
735,"Lock, stock and two smoking barrels",Google Play Movies & TV,3.99
736,"Lock, stock and two smoking barrels",Vudu,3.99
737,"Lock, stock and two smoking barrels",Amazon Prime Video,3.99
738,The treasure of the sierra madre,YouTube,2.99
739,The treasure of the sierra madre,Google Play Movies & TV,2.99
740,The treasure of the sierra madre,Vudu,2.99
741,The treasure of the sierra madre,Amazon Prime Video,2.99
742,The treasure of the sierra madre,iTunes,3.99
743,The treasure of the sierra madre,Hulu,Subscription
744,There will be blood,YouTube,1.99
745,There will be blood,Google Play Movies & TV,2.99
746,There will be blood,Vudu,2.99
747,There will be blood,Amazon Prime Video,2.99
748,There will be blood,iTunes,3.99
749,There will be blood,Netflix,Subscription
750,"Three billboards outside ebbing, missouri",YouTube,3.99
751,"Three billboards outside ebbing, missouri",Google Play Movies & TV,3.99
752,"Three billboards outside ebbing, missouri",Vudu,3.99
753,"Three billboards outside ebbing, missouri",Amazon Prime Video,3.99
754,"Three billboards outside ebbing, missouri",Hulu,Subscription
755,"Three billboards outside ebbing, missouri",Sling TV,Subscription
756,The gold rush,Amazon Prime Video,3.99
757,Chinatown,YouTube,2.99
758,Chinatown,Google Play Movies & TV,2.99
759,Chinatown,Vudu,2.99
760,Chinatown,Amazon Prime Video,2.99
761,Chinatown,iTunes,3.99
762,Chinatown,Hulu,Subscription
763,Dial m for murder,Tubi,Free
764,Dial m for murder,YouTube,3.99
765,Dial m for murder,iTunes,3.99
766,Dial m for murder,Google Play Movies & TV,3.99
767,Dial m for murder,Vudu,3.99
768,Dial m for murder,Amazon Prime Video,3.99
769,V for vendetta,YouTube,3.99
770,V for vendetta,Vudu,3.99
771,V for vendetta,Google Play Movies & TV,3.99
772,V for vendetta,iTunes,3.99
773,V for vendetta,Amazon Prime Video,3.99
774,The seventh seal,YouTube,2.99
775,The seventh seal,Google Play Movies & TV,2.99
776,The seventh seal,Vudu,2.99
777,The seventh seal,Amazon Prime Video,2.99
778,The seventh seal,iTunes,3.99
779,No country for old men,YouTube,3.99
780,No country for old men,Google Play Movies & TV,3.99
781,No country for old men,Vudu,3.99
782,No country for old men,iTunes,3.99
783,No country for old men,Amazon Prime Video,3.99
784,No country for old men,Hulu,Subscription
785,Inside out,YouTube,2.99
786,Inside out,Google Play Movies & TV,2.99
787,Inside out,iTunes,2.99
788,Inside out,Amazon Prime Video,2.99
789,Inside out,Vudu,3.99
790,Inside out,Disney+,Subscription
791,Warrior,YouTube,3.99
792,Warrior,iTunes,3.99
793,Warrior,Google Play Movies & TV,3.99
794,Warrior,Vudu,3.99
795,Warrior,Amazon Prime Video,3.99
796,Warrior,Hulu,Subscription
797,Shutter island,YouTube,2.99
798,Shutter island,Google Play Movies & TV,2.99
799,Shutter island,Vudu,2.99
800,Shutter island,Amazon Prime Video,2.99
801,Shutter island,iTunes,3.99
802,Shutter island,Hulu,Subscription
803,Trainspotting,YouTube,3.99
804,Trainspotting,Google Play Movies & TV,3.99
805,Trainspotting,iTunes,3.99
806,The elephant man,YouTube,2.99
807,The elephant man,Google Play Movies & TV,2.99
808,The elephant man,Vudu,2.99
809,The elephant man,Amazon Prime Video,2.99
810,The elephant man,iTunes,3.99
811,The sixth sense,YouTube,2.99
812,The sixth sense,Google Play Movies & TV,2.99
813,The sixth sense,iTunes,2.99
814,The sixth sense,Amazon Prime Video,2.99
815,The sixth sense,Vudu,3.99
816,The sixth sense,Hulu,Subscription
817,The thing,YouTube,3.99
818,The thing,iTunes,3.99
819,The thing,Google Play Movies & TV,3.99
820,The thing,Vudu,3.99
821,The thing,Amazon Prime Video,3.99
822,The thing,Hulu,Subscription
