IMDb Rank,IMDb ID,Movie Title,Year Released,IMDb Rating,Rated,Genre,Director,Actors,Production,Language,Awards,Plot
1,tt0111161,The Shawshank Redemption,1994,9.2,R,Drama,Frank Darabont,"Tim Robbins, Morgan Freeman, Bob Gunton, William Sadler",Columbia Pictures,English,Nominated for 7 Oscars. Another 21 wins & 35 nominations.,"Two imprisoned men bond over a number of years, finding solace and eventual redemption through acts of common decency."
2,tt0068646,The Godfather,1972,9.1,R,"Crime, Drama",Francis Ford Coppola,"Marlon Brando, Al Pacino, James Caan, Richard S. Castellano",Paramount Pictures,"English, Italian, Latin",Won 3 Oscars. Another 26 wins & 30 nominations.,The aging patriarch of an organized crime dynasty transfers control of his clandestine empire to his reluctant son.
3,tt0071562,The Godfather: Part II,1974,9.0,R,"Crime, Drama",Francis Ford Coppola,"Al Pacino, Robert Duvall, Diane Keaton, Robert De Niro",Paramount Pictures,"English, Italian, Spanish, Latin, Sicilian",Won 6 Oscars. Another 11 wins & 20 nominations.,"The early life and career of Vito Corleone in 1920s New York City is portrayed, while his son, Michael, expands and tightens his grip on the family crime syndicate."
4,tt0468569,The Dark Knight,2008,9.0,PG-13,"Action, Crime, Drama, Thriller",Christopher Nolan,"Christian Bale, Heath Ledger, Aaron Eckhart, Michael Caine",Warner Bros. Pictures/Legendary,"English, Mandarin",Won 2 Oscars. Another 153 wins & 159 nominations.,"When the menace known as the Joker wreaks havoc and chaos on the people of Gotham, Batman must accept one of the greatest psychological and physical tests of his ability to fight injustice."
5,tt0050083,12 Angry Men,1957,8.9,Approved,Drama,Sidney Lumet,"Martin Balsam, John Fiedler, Lee J. Cobb, E.G. Marshall",Criterion Collection,English,Nominated for 3 Oscars. Another 16 wins & 9 nominations.,A jury holdout attempts to prevent a miscarriage of justice by forcing his colleagues to reconsider the evidence.
6,tt0108052,Schindler's List,1993,8.9,R,"Biography, Drama, History",Steven Spielberg,"Liam Neeson, Ben Kingsley, Ralph Fiennes, Caroline Goodall",Universal Pictures,"English, Hebrew, German, Polish",Won 7 Oscars. Another 83 wins & 49 nominations.,"In German-occupied Poland during World War II, industrialist Oskar Schindler gradually becomes concerned for his Jewish workforce after witnessing their persecution by the Nazis."
7,tt0167260,The Lord of the Rings: The Return of the King,2003,8.9,PG-13,"Adventure, Drama, Fantasy",Peter Jackson,"Noel Appleby, Ali Astin, Sean Astin, David Aston",New Line Cinema,"English, Quenya, Old English, Sindarin",Won 11 Oscars. Another 199 wins & 122 nominations.,Gandalf and Aragorn lead the World of Men against Sauron's army to draw his gaze from Frodo and Sam as they approach Mount Doom with the One Ring.
8,tt0110912,Pulp Fiction,1994,8.8,R,"Crime, Drama",Quentin Tarantino,"Tim Roth, Amanda Plummer, Laura Lovelace, John Travolta",Miramax Films,"English, Spanish, French",Won 1 Oscar. Another 68 wins & 74 nominations.,"The lives of two mob hitmen, a boxer, a gangster and his wife, and a pair of diner bandits intertwine in four tales of violence and redemption."
9,tt0060196,"The Good, the Bad and the Ugly",1966,8.8,R,Western,Sergio Leone,"Eli Wallach, Clint Eastwood, Lee Van Cleef, Aldo Giuffrè",United Artists,Italian,2 wins & 4 nominations.,A bounty hunting scam joins two men in an uneasy alliance against a third in a race to find a fortune in gold buried in a remote cemetery.
10,tt0120737,The Lord of the Rings: The Fellowship of the Ring,2001,8.8,PG-13,"Action, Adventure, Drama, Fantasy",Peter Jackson,"Alan Howard, Noel Appleby, Sean Astin, Sala Baker",New Line Cinema,"English, Sindarin",Won 4 Oscars. Another 115 wins & 124 nominations.,A meek Hobbit from the Shire and eight companions set out on a journey to destroy the powerful One Ring and save Middle-earth from the Dark Lord Sauron.
11,tt0137523,Fight Club,1999,8.8,R,Drama,David Fincher,"Edward Norton, Brad Pitt, Meat Loaf, Zach Grenier",20th Century Fox,English,Nominated for 1 Oscar. Another 10 wins & 37 nominations.,"An insomniac office worker and a devil-may-care soapmaker form an underground fight club that evolves into something much, much more."
12,tt0109830,Forrest Gump,1994,8.8,PG-13,"Drama, Romance",Robert Zemeckis,"Tom Hanks, Rebecca Williams, Sally Field, Michael Conner Humphreys",Paramount Pictures,English,Won 6 Oscars. Another 44 wins & 74 nominations.,"The presidencies of Kennedy and Johnson, the events of Vietnam, Watergate and other historical events unfold through the perspective of an Alabama man with an IQ of 75, whose only desire is to be reunited with his childhood sweetheart."
13,tt1375666,Inception,2010,8.7,PG-13,"Action, Adventure, Sci-Fi, Thriller",Christopher Nolan,"Leonardo DiCaprio, Joseph Gordon-Levitt, Ellen Page, Tom Hardy",Warner Bros. Pictures,"English, Japanese, French",Won 4 Oscars. Another 152 wins & 217 nominations.,A thief who steals corporate secrets through the use of dream-sharing technology is given the inverse task of planting an idea into the mind of a C.E.O.
14,tt0080684,Star Wars: Episode V - The Empire Strikes Back,1980,8.7,PG,"Action, Adventure, Fantasy, Sci-Fi",Irvin Kershner,"Mark Hamill, Harrison Ford, Carrie Fisher, Billy Dee Williams",Twentieth Century Fox,English,Won 1 Oscar. Another 24 wins & 20 nominations.,"After the Rebels are brutally overpowered by the Empire on the ice planet Hoth, Luke Skywalker begins Jedi training with Yoda, while his friends are pursued by Darth Vader and a bounty hunter named Boba Fett all over the galaxy."
15,tt0167261,The Lord of the Rings: The Two Towers,2002,8.7,PG-13,"Adventure, Drama, Fantasy",Peter Jackson,"Bruce Allpress, Sean Astin, John Bach, Sala Baker",New Line Cinema,"English, Sindarin, Old English",Won 2 Oscars. Another 123 wins & 137 nominations.,"While Frodo and Sam edge closer to Mordor with the help of the shifty Gollum, the divided fellowship makes a stand against Sauron's new ally, Saruman, and his hordes of Isengard."
16,tt0133093,The Matrix,1999,8.6,R,"Action, Sci-Fi","Lana Wachowski, Lilly Wachowski","Keanu Reeves, Laurence Fishburne, Carrie-Anne Moss, Hugo Weaving",Warner Bros. Pictures,English,Won 4 Oscars. Another 37 wins & 50 nominations.,A computer hacker learns from mysterious rebels about the true nature of his reality and his role in the war against its controllers.
17,tt0099685,Goodfellas,1990,8.6,R,"Biography, Crime, Drama",Martin Scorsese,"Robert De Niro, Ray Liotta, Joe Pesci, Lorraine Bracco",Warner Bros.,"English, Italian",Won 1 Oscar. Another 43 wins & 38 nominations.,"The story of Henry Hill and his life in the mob, covering his relationship with his wife Karen Hill and his mob partners Jimmy Conway and Tommy DeVito in the Italian-American crime syndicate."
18,tt0073486,One Flew Over the Cuckoo's Nest,1975,8.6,R,Drama,Milos Forman,"Jack Nicholson, Louise Fletcher, Will Sampson, Michael Berryman",United Artists,English,Won 5 Oscars. Another 30 wins & 13 nominations.,"A criminal pleads insanity and is admitted to a mental institution, where he rebels against the oppressive nurse and rallies up the scared patients."
19,tt0047478,Seven Samurai,1954,8.6,Not Rated,"Action, Adventure, Drama",Akira Kurosawa,"Toshirô Mifune, Takashi Shimura, Keiko Tsushima, Yukiko Shimazaki",Columbia Pictures,Japanese,Nominated for 2 Oscars. Another 5 wins & 6 nominations.,A poor village under attack by bandits recruits seven unemployed samurai to help them defend themselves.
20,tt0114369,Se7en,1995,8.6,R,"Crime, Drama, Mystery, Thriller",David Fincher,"Morgan Freeman, Andrew Kevin Walker, Daniel Zacapa, Brad Pitt",New Line Cinema,English,Nominated for 1 Oscar. Another 29 wins & 40 nominations.,"Two detectives, a rookie and a veteran, hunt a serial killer who uses the seven deadly sins as his motives."
21,tt0118799,Life Is Beautiful,1997,8.6,PG-13,"Comedy, Drama, Romance, War",Roberto Benigni,"Roberto Benigni, Nicoletta Braschi, Giorgio Cantarini, Giustino Durano",Miramax,"Italian, German, English",Won 3 Oscars. Another 67 wins & 51 nominations.,"When an open-minded Jewish librarian and his son become victims of the Holocaust, he uses a perfect mixture of will, humor, and imagination to protect his son from the dangers around their camp."
22,tt0317248,City of God,2002,8.6,R,"Crime, Drama","Fernando Meirelles, Kátia Lund(co-director)","Alexandre Rodrigues, Leandro Firmino, Phellipe Haagensen, Douglas Silva",Miramax Films,Portuguese,Nominated for 4 Oscars. Another 75 wins & 44 nominations.,"In the slums of Rio, two kids' paths diverge as one struggles to become a photographer and the other a kingpin."
23,tt0102926,The Silence of the Lambs,1991,8.6,R,"Crime, Drama, Thriller",Jonathan Demme,"Jodie Foster, Lawrence A. Bonney, Kasi Lemmons, Lawrence T. Wrentz",Orion Pictures Corporation,"English, Latin",Won 5 Oscars. Another 63 wins & 51 nominations.,"A young F.B.I. cadet must receive the help of an incarcerated and manipulative cannibal killer to help catch another serial killer, a madman who skins his victims."
24,tt0038650,It's a Wonderful Life,1946,8.6,Passed,"Drama, Family, Fantasy",Frank Capra,"James Stewart, Donna Reed, Lionel Barrymore, Thomas Mitchell",Liberty Films,"English, French",Nominated for 5 Oscars. Another 6 wins & 1 nomination.,An angel is sent from Heaven to help a desperately frustrated businessman by showing him what life would have been like if he had never existed.
25,tt0076759,Star Wars: Episode IV - A New Hope,1977,8.6,PG,"Action, Adventure, Fantasy, Sci-Fi",George Lucas,"Mark Hamill, Harrison Ford, Carrie Fisher, Peter Cushing",20th Century Fox,English,Won 6 Oscars. Another 52 wins & 28 nominations.,"Luke Skywalker joins forces with a Jedi Knight, a cocky pilot, a Wookiee and two droids to save the galaxy from the Empire's world-destroying battle station, while also attempting to rescue Princess Leia from the mysterious Darth Vader."
26,tt6751668,Parasite,2019,8.5,R,"Comedy, Drama, Thriller",Bong Joon Ho,"Kang-ho Song, Sun-kyun Lee, Yeo-jeong Jo, Woo-sik Choi",N/A,"Korean, English",Won 4 Oscars. Another 255 wins & 221 nominations.,"A poor family, the Kims, con their way into becoming the servants of a rich family, the Parks. But their easy life gets complicated when their deception is threatened with exposure."
27,tt0120815,Saving Private Ryan,1998,8.5,R,"Drama, War",Steven Spielberg,"Tom Hanks, Tom Sizemore, Edward Burns, Barry Pepper",Dreamworks Distribution,"English, French, German, Czech",Won 5 Oscars. Another 74 wins & 74 nominations.,"Following the Normandy Landings, a group of U.S. soldiers go behind enemy lines to retrieve a paratrooper whose brothers have been killed in action."
28,tt0245429,Spirited Away,2001,8.5,PG,"Animation, Adventure, Family, Fantasy, Mystery",Hayao Miyazaki,"Rumi Hiiragi, Miyu Irino, Mari Natsuki, Takashi Naitô",Walt Disney Pictures,Japanese,Won 1 Oscar. Another 57 wins & 30 nominations.,"During her family's move to the suburbs, a sullen 10-year-old girl wanders into a world ruled by gods, witches, and spirits, and where humans are changed into beasts."
29,tt0120689,The Green Mile,1999,8.5,R,"Crime, Drama, Fantasy, Mystery",Frank Darabont,"Tom Hanks, David Morse, Bonnie Hunt, Michael Clarke Duncan",Warner Bros. Pictures,"English, French",Nominated for 4 Oscars. Another 15 wins & 33 nominations.,"The lives of guards on Death Row are affected by one of their charges: a black man accused of child murder and rape, yet who has a mysterious gift."
30,tt0816692,Interstellar,2014,8.5,PG-13,"Adventure, Drama, Sci-Fi, Thriller",Christopher Nolan,"Ellen Burstyn, Matthew McConaughey, Mackenzie Foy, John Lithgow",Paramount Pictures,English,Won 1 Oscar. Another 43 wins & 147 nominations.,A team of explorers travel through a wormhole in space in an attempt to ensure humanity's survival.
31,tt0110413,Léon: The Professional,1994,8.5,R,"Action, Crime, Drama, Thriller",Luc Besson,"Jean Reno, Gary Oldman, Natalie Portman, Danny Aiello",Columbia Pictures,"English, Italian, French",6 wins & 14 nominations.,"Mathilda, a 12-year-old girl, is reluctantly taken in by Léon, a professional assassin, after her family is murdered. An unusual relationship forms as she becomes his protégée and learns the assassin's trade."
32,tt0114814,The Usual Suspects,1995,8.5,R,"Crime, Mystery, Thriller",Bryan Singer,"Stephen Baldwin, Gabriel Byrne, Benicio Del Toro, Kevin Pollak",Gramercy Pictures,"English, Hungarian, Spanish, French",Won 2 Oscars. Another 35 wins & 16 nominations.,"A sole survivor tells of the twisty events leading up to a horrific gun battle on a boat, which began when five criminals met at a seemingly random police lineup."
33,tt0056058,Harakiri,1962,8.5,Not Rated,"Action, Drama, History",Masaki Kobayashi,"Tatsuya Nakadai, Akira Ishihama, Shima Iwashita, Tetsurô Tanba",Criterion Collection,Japanese,8 wins & 2 nominations.,"When a ronin requesting seppuku at a feudal lord's palace is told of the brutal suicide of another ronin who previously visited, he reveals how their pasts are intertwined - and in doing so challenges the clan's integrity."
34,tt0110357,The Lion King,1994,8.5,G,"Animation, Adventure, Drama, Family, Musical","Roger Allers, Rob Minkoff","Rowan Atkinson, Matthew Broderick, Niketa Calame-Harris, Jim Cummings",Buena Vista,"English, Swahili, Xhosa, Zulu",Won 2 Oscars. Another 35 wins & 34 nominations.,"A Lion cub crown prince is tricked by a treacherous uncle into thinking he caused his father's death and flees into exile in despair, only to learn in adulthood his identity and his responsibilities."
35,tt0120586,American History X,1998,8.5,R,Drama,Tony Kaye,"Edward Norton, Edward Furlong, Beverly D'Angelo, Jennifer Lien",New Line Cinema,English,Nominated for 1 Oscar. Another 4 wins & 13 nominations.,A former neo-nazi skinhead tries to prevent his younger brother from going down the same wrong path that he did.
36,tt0253474,The Pianist,2002,8.5,R,"Biography, Drama, Music, War",Roman Polanski,"Adrien Brody, Emilia Fox, Michal Zebrowski, Ed Stoppard",Focus Features,"English, German, Russian",Won 3 Oscars. Another 54 wins & 73 nominations.,A Polish Jewish musician struggles to survive the destruction of the Warsaw ghetto of World War II.
37,tt0103064,Terminator 2: Judgment Day,1991,8.5,R,"Action, Sci-Fi",James Cameron,"Arnold Schwarzenegger, Linda Hamilton, Edward Furlong, Robert Patrick",TriStar Pictures,"English, Spanish",Won 4 Oscars. Another 32 wins & 33 nominations.,"A cyborg, identical to the one who failed to kill Sarah Connor, must now protect her teenage son, John Connor, from a more advanced and powerful cyborg."
38,tt0088763,Back to the Future,1985,8.5,PG,"Adventure, Comedy, Sci-Fi",Robert Zemeckis,"Michael J. Fox, Christopher Lloyd, Lea Thompson, Crispin Glover",Universal Pictures,English,Won 1 Oscar. Another 19 wins & 25 nominations.,"Marty McFly, a 17-year-old high school student, is accidentally sent thirty years into the past in a time-traveling DeLorean invented by his close friend, the eccentric scientist Doc Brown."
39,tt0027977,Modern Times,1936,8.5,G,"Comedy, Drama, Family, Romance",Charles Chaplin,"Charles Chaplin, Paulette Goddard, Henry Bergman, Tiny Sandford",United Artists,English,4 wins & 1 nomination.,The Tramp struggles to live in modern industrial society with the help of a young homeless woman.
40,tt0054215,Psycho,1960,8.5,R,"Horror, Mystery, Thriller",Alfred Hitchcock,"Anthony Perkins, Vera Miles, John Gavin, Janet Leigh",Paramount Pictures,English,Nominated for 4 Oscars. Another 5 wins & 10 nominations.,"A Phoenix secretary embezzles forty thousand dollars from her employer's client, goes on the run, and checks into a remote motel run by a young man under the domination of his mother."
41,tt0172495,Gladiator,2000,8.5,R,"Action, Adventure, Drama",Ridley Scott,"Russell Crowe, Joaquin Phoenix, Connie Nielsen, Oliver Reed",Dreamworks Distribution LLC,English,Won 5 Oscars. Another 54 wins & 104 nominations.,A former Roman General sets out to exact vengeance against the corrupt emperor who murdered his family and sent him into slavery.
42,tt0021749,City Lights,1931,8.5,G,"Comedy, Drama, Romance",Charles Chaplin,"Virginia Cherrill, Florence Lee, Harry Myers, Al Ernest Garcia",United Artists,English,3 wins.,"With the aid of a wealthy erratic tippler, a dewy-eyed tramp who has fallen in love with a sightless flower girl accumulates money to be able to help her medically."
43,tt0407887,The Departed,2006,8.5,R,"Crime, Drama, Thriller",Martin Scorsese,"Leonardo DiCaprio, Matt Damon, Jack Nicholson, Mark Wahlberg",Warner Bros. Pictures,"English, Cantonese",Won 4 Oscars. Another 94 wins & 139 nominations.,An undercover cop and a mole in the police attempt to identify each other while infiltrating an Irish gang in South Boston.
44,tt1675434,The Intouchables,2011,8.5,R,"Biography, Comedy, Drama","Olivier Nakache, Éric Toledano","François Cluzet, Omar Sy, Anne Le Ny, Audrey Fleurot",The Weinstein Company,"French, English",Nominated for 1 Golden Globe. Another 38 wins & 39 nominations.,"After he becomes a quadriplegic from a paragliding accident, an aristocrat hires a young man from the projects to be his caregiver."
45,tt2582802,Whiplash,2014,8.5,R,"Drama, Music",Damien Chazelle,"Miles Teller, J.K. Simmons, Paul Reiser, Melissa Benoist",Sony Pictures Classics,English,Won 3 Oscars. Another 91 wins & 143 nominations.,A promising young drummer enrolls at a cut-throat music conservatory where his dreams of greatness are mentored by an instructor who will stop at nothing to realize a student's potential.
46,tt0482571,The Prestige,2006,8.5,PG-13,"Drama, Mystery, Sci-Fi, Thriller",Christopher Nolan,"Hugh Jackman, Christian Bale, Michael Caine, Piper Perabo",Buena Vista Pictures,English,Nominated for 2 Oscars. Another 6 wins & 38 nominations.,"After a tragic accident, two stage magicians engage in a battle to create the ultimate illusion while sacrificing everything they have to outwit each other."
47,tt0064116,Once Upon a Time in the West,1968,8.5,PG-13,Western,Sergio Leone,"Claudia Cardinale, Henry Fonda, Jason Robards, Charles Bronson",Paramount Pictures,"Italian, English, Spanish",4 wins & 5 nominations.,A mysterious stranger with a harmonica joins forces with a notorious desperado to protect a beautiful widow from a ruthless assassin working for the railroad.
48,tt0095327,Grave of the Fireflies,1988,8.4,Not Rated,"Animation, Drama, War",Isao Takahata,"Tsutomu Tatsumi, Ayano Shiraishi, Yoshiko Shinohara, Akemi Yamaguchi",Shinchosha Company,Japanese,3 wins.,A young boy and his little sister struggle to survive in Japan during World War II.
49,tt0034583,Casablanca,1942,8.4,PG,"Drama, Romance, War",Michael Curtiz,"Humphrey Bogart, Ingrid Bergman, Paul Henreid, Claude Rains",Warner Bros. Pictures,"English, French, German, Italian",Won 3 Oscars. Another 5 wins & 9 nominations.,A cynical American expatriate struggles to decide whether or not he should help his former lover and her fugitive husband escape French Morocco.
50,tt0047396,Rear Window,1954,8.4,PG,"Mystery, Thriller",Alfred Hitchcock,"James Stewart, Grace Kelly, Wendell Corey, Thelma Ritter",Paramount Pictures,English,Nominated for 4 Oscars. Another 6 wins & 9 nominations.,A wheelchair-bound photographer spies on his neighbors from his apartment window and becomes convinced one of them has committed murder.
51,tt0095765,Cinema Paradiso,1988,8.4,R,Drama,Giuseppe Tornatore,"Antonella Attili, Enzo Cannavale, Isa Danieli, Leo Gullotta",Miramax Films,Italian,Won 1 Oscar. Another 24 wins & 31 nominations.,A filmmaker recalls his childhood when falling in love with the pictures at the cinema of his home village and forms a deep friendship with the cinema's projectionist.
52,tt7286456,Joker,2019,8.4,R,"Crime, Drama, Thriller",Todd Phillips,"Joaquin Phoenix, Robert De Niro, Zazie Beetz, Frances Conroy",N/A,English,Won 2 Oscars. Another 93 wins & 198 nominations.,"In Gotham City, mentally troubled comedian Arthur Fleck is disregarded and mistreated by society. He then embarks on a downward spiral of revolution and bloody crime. This path brings him face-to-face with his alter-ego: the Joker."
53,tt0078748,Alien,1979,8.4,R,"Horror, Sci-Fi",Ridley Scott,"Tom Skerritt, Sigourney Weaver, Veronica Cartwright, Harry Dean Stanton",20th Century Fox,English,Won 1 Oscar. Another 16 wins & 21 nominations.,"After a space merchant vessel receives an unknown transmission as a distress call, one of the crew is attacked by a mysterious life form and they soon realize that its life cycle has merely begun."
54,tt0078788,Apocalypse Now,1979,8.4,R,"Drama, Mystery, War",Francis Ford Coppola,"Marlon Brando, Martin Sheen, Robert Duvall, Frederic Forrest",United Artists,"English, French, Vietnamese",Won 2 Oscars. Another 18 wins & 32 nominations.,A U.S. Army officer serving in Vietnam is tasked with assassinating a renegade Special Forces Colonel who sees himself as a god.
55,tt0209144,Memento,2000,8.4,R,"Mystery, Thriller",Christopher Nolan,"Guy Pearce, Carrie-Anne Moss, Joe Pantoliano, Mark Boone Junior",Newmarket Films,English,Nominated for 2 Oscars. Another 57 wins & 56 nominations.,A man with short-term memory loss attempts to track down his wife's murderer.
56,tt0082971,Raiders of the Lost Ark,1981,8.4,PG,"Action, Adventure",Steven Spielberg,"Harrison Ford, Karen Allen, Paul Freeman, Ronald Lacey",Paramount Pictures,"English, German, Hebrew, Spanish, Arabic, Nepali",Won 4 Oscars. Another 31 wins & 24 nominations.,"In 1936, archaeologist and adventurer Indiana Jones is hired by the U.S. government to find the Ark of the Covenant before Adolf Hitler's Nazis can obtain its awesome powers."
57,tt0032553,The Great Dictator,1940,8.4,Passed,"Comedy, Drama, War",Charles Chaplin,"Charles Chaplin, Jack Oakie, Reginald Gardiner, Henry Daniell",Criterion Collection,"English, Esperanto",Nominated for 5 Oscars. Another 6 wins & 1 nomination.,Dictator Adenoid Hynkel tries to expand his empire while a poor Jewish barber tries to avoid persecution from Hynkel's regime.
58,tt0405094,The Lives of Others,2006,8.4,R,"Drama, Mystery, Thriller",Florian Henckel von Donnersmarck,"Martina Gedeck, Ulrich Mühe, Sebastian Koch, Ulrich Tukur",Sony Pictures Classics,German,Won 1 Oscar. Another 78 wins & 37 nominations.,"In 1984 East Berlin, an agent of the secret police, conducting surveillance on a writer and his lover, finds himself becoming increasingly absorbed by their lives."
59,tt1853728,Django Unchained,2012,8.4,R,"Drama, Western",Quentin Tarantino,"Jamie Foxx, Christoph Waltz, Leonardo DiCaprio, Kerry Washington",The Weinstein Co.,"English, German, French, Italian",Won 2 Oscars. Another 57 wins & 155 nominations.,"With the help of a German bounty hunter, a freed slave sets out to rescue his wife from a brutal Mississippi plantation owner."
60,tt0050825,Paths of Glory,1957,8.4,Approved,"Drama, War",Stanley Kubrick,"Kirk Douglas, Ralph Meeker, Adolphe Menjou, George Macready",United Artists,"English, German, Latin",Nominated for 1 BAFTA Film Award. Another 5 wins & 2 nominations.,"After refusing to attack an enemy position, a general accuses the soldiers of cowardice and their commanding officer must defend them."
61,tt0081505,The Shining,1980,8.4,R,"Drama, Horror",Stanley Kubrick,"Jack Nicholson, Shelley Duvall, Danny Lloyd, Scatman Crothers",Warner Bros. Pictures,English,4 wins & 7 nominations.,"A family heads to an isolated hotel for the winter where a sinister presence influences the father into violence, while his psychic son sees horrific forebodings from both past and future."
62,tt4154756,Avengers: Infinity War,2018,8.4,PG-13,"Action, Adventure, Sci-Fi","Anthony Russo, Joe Russo","Robert Downey Jr., Chris Hemsworth, Mark Ruffalo, Chris Evans",Walt Disney Pictures,English,Nominated for 1 Oscar. Another 44 wins & 71 nominations.,The Avengers and their allies must be willing to sacrifice all in an attempt to defeat the powerful Thanos before his blitz of devastation and ruin puts an end to the universe.
63,tt0910970,WALL·E,2008,8.4,G,"Animation, Adventure, Family, Sci-Fi",Andrew Stanton,"Ben Burtt, Elissa Knight, Jeff Garlin, Fred Willard",Walt Disney Pictures,English,Won 1 Oscar. Another 91 wins & 93 nominations.,"In the distant future, a small waste-collecting robot inadvertently embarks on a space journey that will ultimately decide the fate of mankind."
65,tt4633694,Spider-Man: Into the Spider-Verse,2018,8.4,PG,"Animation, Action, Adventure, Family, Sci-Fi","Bob Persichetti, Peter Ramsey, Rodney Rothman","Shameik Moore, Jake Johnson, Hailee Steinfeld, Mahershala Ali",Sony Pictures,"English, Spanish",Won 1 Oscar. Another 76 wins & 54 nominations.,"Teen Miles Morales becomes Spider-Man of his reality, crossing his path with five counterparts from other dimensions to stop a threat for all realities."
66,tt0119698,Princess Mononoke,1997,8.4,PG-13,"Animation, Adventure, Fantasy",Hayao Miyazaki,"Billy Crudup, Billy Bob Thornton, Minnie Driver, John DiMaggio",Miramax Films,Japanese,13 wins & 6 nominations.,"On a journey to find the cure for a Tatarigami's curse, Ashitaka finds himself in the middle of a war between the forest gods and Tatara, a mining colony. In this quest he also meets San, the Mononoke Hime."
68,tt0364569,Oldboy,2003,8.4,R,"Action, Drama, Mystery, Thriller",Chan-wook Park,"Min-sik Choi, Ji-Tae Yoo, Hye-jeong Kang, Dae-han Ji",Tartan Films,Korean,39 wins & 18 nominations.,"After being kidnapped and imprisoned for fifteen years, Oh Dae-Su is released, only to find that he must find his captor in five days."
69,tt0051201,Witness for the Prosecution,1957,8.4,Not Rated,"Crime, Drama, Mystery, Thriller",Billy Wilder,"Tyrone Power, Marlene Dietrich, Charles Laughton, Elsa Lanchester",MGM,"English, German",Nominated for 6 Oscars. Another 3 wins & 9 nominations.,A veteran British barrister must defend his client in a murder trial that has surprise after surprise.
70,tt0066763,Anand,1971,8.3,Not Rated,"Drama, Musical",Hrishikesh Mukherjee,"Rajesh Khanna, Amitabh Bachchan, Sumita Sanyal, Ramesh Deo",N/A,Hindi,9 wins & 1 nomination.,"The story of a terminally ill man who wishes to live life to the full before the inevitable occurs, as told by his best friend."
71,tt4154796,Avengers: Endgame,2019,8.3,PG-13,"Action, Adventure, Drama, Sci-Fi","Anthony Russo, Joe Russo","Robert Downey Jr., Chris Evans, Mark Ruffalo, Chris Hemsworth",Marvel Studios,"English, Japanese, Xhosa, German",Nominated for 1 Oscar. Another 64 wins & 102 nominations.,"After the devastating events of Avengers: Infinity War (2018), the universe is in ruins. With the help of remaining allies, the Avengers assemble once more in order to reverse Thanos' actions and restore balance to the universe."
72,tt1345836,The Dark Knight Rises,2012,8.3,PG-13,"Action, Adventure",Christopher Nolan,"Christian Bale, Gary Oldman, Tom Hardy, Joseph Gordon-Levitt",Warner Bros. Pictures,"English, Arabic",Nominated for 1 BAFTA Film Award. Another 38 wins & 101 nominations.,"Eight years after the Joker's reign of anarchy, Batman, with the help of the enigmatic Catwoman, is forced from his exile to save Gotham City from the brutal guerrilla terrorist Bane."
73,tt0087843,Once Upon a Time in America,1984,8.3,R,"Crime, Drama",Sergio Leone,"Robert De Niro, James Woods, Elizabeth McGovern, Treat Williams",Warner Home Video,"English, Italian, French",Nominated for 2 Golden Globes. Another 11 wins & 8 nominations.,"A former Prohibition-era Jewish gangster returns to the Lower East Side of Manhattan over thirty years later, where he once again must confront the ghosts and regrets of his old life."
74,tt0090605,Aliens,1986,8.3,R,"Action, Adventure, Sci-Fi, Thriller",James Cameron,"Sigourney Weaver, Carrie Henn, Michael Biehn, Paul Reiser",20th Century Fox,English,Won 2 Oscars. Another 18 wins & 23 nominations.,"Ellen Ripley is rescued by a deep salvage team after being in hypersleep for 57 years. The moon that the Nostromo visited has been colonized, but contact is lost. This time, colonial marines have impressive firepower, but will that be enough?"
75,tt6033368,Your Name,2016,8.3,N/A,Short,Megumi Shiraishi,N/A,N/A,N/A,N/A,Ibe Riki and Riko Takeo are preparing for a wedding ceremony.
76,tt2380307,Coco,2017,8.3,PG,"Animation, Adventure, Family, Fantasy, Music, Mystery","Lee Unkrich, Adrian Molina(co-director)","Anthony Gonzalez, Gael García Bernal, Benjamin Bratt, Alanna Ubach",Disney/Pixar,"English, Spanish",Won 2 Oscars. Another 108 wins & 36 nominations.,"Aspiring musician Miguel, confronted with his family's ancestral ban on music, enters the Land of the Dead to find his great-great-grandfather, a legendary singer."
77,tt0169547,American Beauty,1999,8.3,R,Drama,Sam Mendes,"Kevin Spacey, Annette Bening, Thora Birch, Wes Bentley",Dreamworks,English,Won 5 Oscars. Another 106 wins & 101 nominations.,A sexually frustrated suburban father has a mid-life crisis after becoming infatuated with his daughter's best friend.
78,tt0112573,Braveheart,1995,8.3,R,"Biography, Drama, History, War",Mel Gibson,"James Robinson, Sean Lawlor, Sandy Nelson, James Cosmo",Paramount Pictures,"English, French, Latin, Scottish Gaelic, Italian",Won 5 Oscars. Another 28 wins & 32 nominations.,"When his secret bride is executed for assaulting an English soldier who tried to rape her, William Wallace begins a revolt against King Edward I of England."
79,tt0082096,Das Boot,1981,8.3,R,"Adventure, Drama, Thriller, War",Wolfgang Petersen,"Jürgen Prochnow, Herbert Grönemeyer, Klaus Wennemann, Hubertus Bengsch",Columbia Pictures,German,Nominated for 6 Oscars. Another 13 wins & 5 nominations.,"The claustrophobic world of a WWII German U-boat; boredom, filth and sheer terror."
80,tt1187043,3 Idiots,2009,8.3,PG-13,"Comedy, Drama",Rajkumar Hirani,"Aamir Khan, Madhavan, Sharman Joshi, Kareena Kapoor",Big Pictures,"Hindi, English",62 wins & 23 nominations.,"Two friends are searching for their long lost companion. They revisit their college days and recall the memories of their friend who inspired them to think differently, even as the rest of the world called them ""idiots""."
81,tt0114709,Toy Story,1995,8.3,G,"Animation, Adventure, Comedy, Family, Fantasy",John Lasseter,"Tom Hanks, Tim Allen, Don Rickles, Jim Varney",Buena Vista,English,Nominated for 3 Oscars. Another 27 wins & 20 nominations.,A cowboy doll is profoundly threatened and jealous when a new spaceman figure supplants him as top toy in a boy's room.
82,tt0057565,High and Low,1963,8.3,Not Rated,"Crime, Drama, Mystery, Thriller",Akira Kurosawa,"Toshirô Mifune, Tatsuya Nakadai, Kyôko Kagawa, Tatsuya Mihashi",Criterion Collection,Japanese,Nominated for 1 Golden Globe. Another 3 wins & 2 nominations.,An executive of a shoe company becomes a victim of extortion when his chauffeur's son is kidnapped and held for ransom.
84,tt8579674,1917,2019,8.3,R,"Drama, War",Sam Mendes,"Dean-Charles Chapman, George MacKay, Daniel Mays, Colin Firth",N/A,"English, French, German",Won 3 Oscars. Another 110 wins & 161 nominations.,"April 6th, 1917. As a regiment assembles to wage war deep in enemy territory, two soldiers are assigned to race against time and deliver a message that will stop 1,600 men from walking straight into a deadly trap."
85,tt0086190,Star Wars: Episode VI - Return of the Jedi,1983,8.3,PG,"Action, Adventure, Fantasy, Sci-Fi",Richard Marquand,"Mark Hamill, Harrison Ford, Carrie Fisher, Billy Dee Williams",Twentieth Century Fox,English,Nominated for 4 Oscars. Another 22 wins & 16 nominations.,"After a daring mission to rescue Han Solo from Jabba the Hutt, the Rebels dispatch to Endor to destroy the second Death Star. Meanwhile, Luke struggles to help Darth Vader back from the dark side without falling into the Emperor's trap."
86,tt0086879,Amadeus,1984,8.3,R,"Biography, Drama, History, Music",Milos Forman,"F. Murray Abraham, Tom Hulce, Elizabeth Berridge, Roy Dotrice",Warner Bros. Pictures,"English, Italian, Latin, German",Won 8 Oscars. Another 34 wins & 14 nominations.,"The life, success and troubles of Wolfgang Amadeus Mozart, as told by Antonio Salieri, the contemporaneous composer who was insanely jealous of Mozart's talent and claimed to have murdered him."
87,tt0105236,Reservoir Dogs,1992,8.3,R,"Crime, Drama, Thriller",Quentin Tarantino,"Harvey Keitel, Tim Roth, Michael Madsen, Chris Penn",Miramax Films,English,12 wins & 22 nominations.,"When a simple jewelry heist goes horribly wrong, the surviving criminals begin to suspect that one of them is a police informant."
88,tt0361748,Inglourious Basterds,2009,8.3,R,"Adventure, Drama, War",Quentin Tarantino,"Brad Pitt, Mélanie Laurent, Christoph Waltz, Eli Roth",The Weinstein Company,"English, German, French, Italian",Won 1 Oscar. Another 132 wins & 171 nominations.,"In Nazi-occupied France during World War II, a plan to assassinate Nazi leaders by a group of Jewish U.S. soldiers coincides with a theatre owner's vengeful plans for the same."
89,tt0119217,Good Will Hunting,1997,8.3,R,"Drama, Romance",Gus Van Sant,"Matt Damon, Ben Affleck, Stellan Skarsgård, John Mighton",Miramax Films,English,Won 2 Oscars. Another 22 wins & 60 nominations.,"Will Hunting, a janitor at M.I.T., has a gift for mathematics, but needs help from a psychologist to find direction in his life."
90,tt0062622,2001: A Space Odyssey,1968,8.3,G,"Adventure, Sci-Fi",Stanley Kubrick,"Keir Dullea, Gary Lockwood, William Sylvester, Daniel Richter",Warner Bros. Pictures,"English, Russian",Won 1 Oscar. Another 15 wins & 10 nominations.,"After discovering a mysterious artifact buried beneath the Lunar surface, mankind sets off on a quest to find its origins with help from intelligent supercomputer H.A.L. 9000."
91,tt0052357,Vertigo,1958,8.3,PG,"Mystery, Romance, Thriller",Alfred Hitchcock,"James Stewart, Kim Novak, Barbara Bel Geddes, Tom Helmore",Paramount Pictures,English,Nominated for 2 Oscars. Another 8 wins & 5 nominations.,A former police detective juggles wrestling with his personal demons and becoming obsessed with a hauntingly beautiful woman.
92,tt0180093,Requiem for a Dream,2000,8.3,R,Drama,Darren Aronofsky,"Ellen Burstyn, Jared Leto, Jennifer Connelly, Marlon Wayans",Artisan Entertainment,English,Nominated for 1 Oscar. Another 35 wins & 69 nominations.,The drug-induced utopias of four Coney Island people are shattered when their addictions run deep.
93,tt0022100,M,1931,8.3,Not Rated,"Crime, Mystery, Thriller",Fritz Lang,"Peter Lorre, Ellen Widmann, Inge Landgut, Otto Wernicke",Foremco,German,2 wins.,"When the police in a German city are unable to catch a child-murderer, other criminals join in the manhunt."
94,tt5074352,Dangal,2016,8.3,Not Rated,"Action, Biography, Drama, Sport",Nitesh Tiwari,"Aamir Khan, Fatima Sana Shaikh, Sanya Malhotra, Sakshi Tanwar",Aamir Khan Productions,"Hindi, Tamil, Telugu",23 wins & 6 nominations.,Former wrestler Mahavir Singh Phogat and his two wrestler daughters struggle towards glory at the Commonwealth Games in the face of societal oppression.
95,tt0338013,Eternal Sunshine of the Spotless Mind,2004,8.3,R,"Drama, Romance, Sci-Fi",Michel Gondry,"Jim Carrey, Kate Winslet, Gerry Robert Byrne, Elijah Wood",Focus Features,English,Won 1 Oscar. Another 72 wins & 110 nominations.,"When their relationship turns sour, a couple undergoes a medical procedure to have each other erased from their memories."
96,tt0033467,Citizen Kane,1941,8.3,PG,"Drama, Mystery",Orson Welles,"Joseph Cotten, Dorothy Comingore, Agnes Moorehead, Ruth Warrick",RKO Radio Pictures,"English, Italian",Won 1 Oscar. Another 9 wins & 13 nominations.,"Following the death of publishing tycoon Charles Foster Kane, reporters scramble to uncover the meaning of his final utterance; 'Rosebud'."
98,tt2106476,The Hunt,2012,8.3,R,Drama,Thomas Vinterberg,"Mads Mikkelsen, Thomas Bo Larsen, Annika Wedderkopp, Lasse Fogelstrøm",Magnolia Pictures,"Danish, English, Polish",Nominated for 1 Oscar. Another 37 wins & 67 nominations.,"A teacher lives a lonely life, all the while struggling over his son's custody. His life slowly gets better as he finds love and receives good news from his son, but his new luck is about to be brutally shattered by an innocent little lie."
99,tt0093058,Full Metal Jacket,1987,8.3,R,"Drama, War",Stanley Kubrick,"Matthew Modine, Adam Baldwin, Vincent D'Onofrio, R. Lee Ermey",Warner Bros.,"English, Vietnamese",Nominated for 1 Oscar. Another 8 wins & 13 nominations.,A pragmatic U.S. Marine observes the dehumanizing effects the Vietnam War has on his fellow recruits from their brutal boot camp training to the bloody street fighting in Hue.
100,tt0053125,North by Northwest,1959,8.2,Approved,"Adventure, Mystery, Thriller",Alfred Hitchcock,"Cary Grant, Eva Marie Saint, James Mason, Jessie Royce Landis",Turner Entertainment,"English, French",Nominated for 3 Oscars. Another 8 wins & 7 nominations.,A New York City advertising executive goes on the run after being mistaken for a government agent by a group of foreign spies.
101,tt0066921,A Clockwork Orange,1971,8.2,R,"Crime, Drama, Sci-Fi",Stanley Kubrick,"Malcolm McDowell, Patrick Magee, Michael Bates, Warren Clarke",Warner Bros.,English,Nominated for 4 Oscars. Another 9 wins & 19 nominations.,"In the future, a sadistic gang leader is imprisoned and volunteers for a conduct-aversion experiment, but it doesn't go as planned."
102,tt0040522,Bicycle Thieves,1948,8.2,Not Rated,Drama,Vittorio De Sica,"Lamberto Maggiorani, Enzo Staiola, Lianella Carell, Elena Altieri",ENIC,"Italian, English",Nominated for 1 Oscar. Another 20 wins & 2 nominations.,"In post-war Italy, a working-class man's bicycle is stolen. He and his son set out to find it."
103,tt0012349,The Kid,1921,8.2,Passed,"Comedy, Drama, Family",Charles Chaplin,"Carl Miller, Edna Purviance, Jackie Coogan, Charles Chaplin",First National Pictures Inc.,"English, None",2 wins.,"The Tramp cares for an abandoned child, but events put that relationship in jeopardy."
104,tt0208092,Snatch,2000,8.2,R,"Comedy, Crime",Guy Ritchie,"Benicio Del Toro, Dennis Farina, Vinnie Jones, Brad Pitt",Columbia Pictures,"English, Russian",4 wins & 6 nominations.,"Unscrupulous boxing promoters, violent bookmakers, a Russian gangster, incompetent amateur robbers and supposedly Jewish jewelers fight to track down a priceless stolen diamond."
105,tt0045152,Singin' in the Rain,1952,8.2,G,"Comedy, Musical, Romance","Stanley Donen, Gene Kelly","Gene Kelly, Donald O'Connor, Debbie Reynolds, Jean Hagen",MGM,English,Nominated for 2 Oscars. Another 5 wins & 7 nominations.,A silent film production company and cast make a difficult transition to sound.
106,tt0086250,Scarface,1983,8.2,R,"Crime, Drama",Brian De Palma,"Al Pacino, Steven Bauer, Michelle Pfeiffer, Mary Elizabeth Mastrantonio",Universal Films,"English, Spanish",Nominated for 3 Golden Globes. Another 4 nominations.,"In 1980 Miami, a determined Cuban immigrant takes over a drug cartel and succumbs to greed."
107,tt0075314,Taxi Driver,1976,8.2,R,"Crime, Drama",Martin Scorsese,"Diahnne Abbott, Frank Adu, Victor Argo, Gino Ardito",Columbia Pictures,"English, Spanish",Nominated for 4 Oscars. Another 21 wins & 15 nominations.,"A mentally unstable veteran works as a nighttime taxi driver in New York City, where the perceived decadence and sleaze fuels his urge for violent action by attempting to liberate a presidential campaign worker and an underage prostitute."
108,tt0211915,Amélie,2001,8.2,R,"Comedy, Romance",Jean-Pierre Jeunet,"Audrey Tautou, Mathieu Kassovitz, Rufus, Lorella Cravotta",Miramax Films,"French, Russian, English",Nominated for 5 Oscars. Another 59 wins & 67 nominations.,"Amélie is an innocent and naive girl in Paris with her own sense of justice. She decides to help those around her and, along the way, discovers love."
109,tt0056172,Lawrence of Arabia,1962,8.2,Approved,"Adventure, Biography, Drama, History, War",David Lean,"Peter O'Toole, Alec Guinness, Anthony Quinn, Jack Hawkins",Columbia Pictures,"English, Arabic, Turkish",Won 7 Oscars. Another 23 wins & 14 nominations.,"The story of T.E. Lawrence, the English officer who successfully united and led the diverse, often warring, Arab tribes during World War I in order to fight the Turks."
110,tt0070735,The Sting,1973,8.2,PG,"Comedy, Crime, Drama",George Roy Hill,"Paul Newman, Robert Redford, Robert Shaw, Charles Durning",Universal Pictures,English,Won 7 Oscars. Another 11 wins & 6 nominations.,Two grifters team up to pull off the ultimate con.
111,tt0435761,Toy Story 3,2010,8.2,G,"Animation, Adventure, Comedy, Family, Fantasy",Lee Unkrich,"Tom Hanks, Tim Allen, Joan Cusack, Ned Beatty",Walt Disney Pictures,"English, Spanish",Won 2 Oscars. Another 60 wins & 95 nominations.,"The toys are mistakenly delivered to a day-care center instead of the attic right before Andy leaves for college, and it's up to Woody to convince the other toys that they weren't abandoned and to return home."
112,tt0017136,Metropolis,1927,8.2,Not Rated,"Drama, Sci-Fi",Fritz Lang,"Alfred Abel, Gustav Fröhlich, Rudolf Klein-Rogge, Fritz Rasp",Paramount Pictures,German,6 wins & 5 nominations.,"In a futuristic city sharply divided between the working class and the city planners, the son of the city's mastermind falls in love with a working class prophet who predicts the coming of a savior to mediate their differences."
113,tt0044741,Ikiru,1952,8.2,Not Rated,Drama,Akira Kurosawa,"Takashi Shimura, Shin'ichi Himori, Haruo Tanaka, Minoru Chiaki",Cowboy Pictures,Japanese,Nominated for 1 BAFTA Film Award. Another 5 wins & 1 nomination.,A bureaucrat tries to find a meaning in his life after he discovers he has terminal cancer.
114,tt0059578,For a Few Dollars More,1965,8.2,R,Western,Sergio Leone,"Clint Eastwood, Lee Van Cleef, Gian Maria Volontè, Mara Krupp",MGM Home Entertainment,"Italian, English",1 nomination.,Two bounty hunters with the same intentions team up to track down a Western outlaw.
115,tt1832382,A Separation,2011,8.2,PG-13,Drama,Asghar Farhadi,"Payman Maadi, Leila Hatami, Sareh Bayat, Shahab Hosseini",Sony Pictures Classics,Persian,Won 1 Oscar. Another 85 wins & 49 nominations.,A married couple are faced with a difficult decision - to improve the life of their child by moving to another country or to stay in Iran and look after a deteriorating parent who has Alzheimer's disease.
116,tt0036775,Double Indemnity,1944,8.2,Passed,"Crime, Drama, Film-Noir, Mystery, Thriller",Billy Wilder,"Fred MacMurray, Barbara Stanwyck, Edward G. Robinson, Porter Hall",Paramount Pictures,English,Nominated for 7 Oscars. Another 2 wins & 2 nominations.,An insurance representative lets himself be talked by a seductive housewife into a murder/insurance fraud scheme that arouses the suspicion of an insurance investigator.
117,tt0053604,The Apartment,1960,8.2,Not Rated,"Comedy, Drama, Romance",Billy Wilder,"Jack Lemmon, Shirley MacLaine, Fred MacMurray, Ray Walston",United Artists,English,Won 5 Oscars. Another 19 wins & 8 nominations.,"A man tries to rise in his company by letting its executives use his apartment for trysts, but complications and a romance of his own ensue."
118,tt1255953,Incendies,2010,8.2,R,"Drama, Mystery, War",Denis Villeneuve,"Mustafa Kamel, Hussein Sami, Rémy Girard, Mélissa Désormeaux-Poulin",Sony Pictures Classics,"French, Arabic, English",Nominated for 1 Oscar. Another 39 wins & 15 nominations.,Twins journey to the Middle East to discover their family history and fulfill their mother's last wishes.
119,tt0056592,To Kill a Mockingbird,1962,8.2,Approved,"Crime, Drama",Robert Mulligan,"Gregory Peck, John Megna, Frank Overton, Rosemary Murphy",Universal International Pictur,English,Won 3 Oscars. Another 10 wins & 16 nominations.,"Atticus Finch, a lawyer in the Depression-era South, defends a black man against an undeserved rape charge, and his children against prejudice."
120,tt0097576,Indiana Jones and the Last Crusade,1989,8.2,PG-13,"Action, Adventure",Steven Spielberg,"Harrison Ford, Sean Connery, Denholm Elliott, Alison Doody",Paramount Pictures,"English, German, Greek, Arabic",Won 1 Oscar. Another 7 wins & 22 nominations.,"In 1938, after his father Professor Henry Jones, Sr. goes missing while pursuing the Holy Grail, Professor Henry ""Indiana"" Jones, Jr. finds himself up against Adolf Hitler's Nazis again to stop them from obtaining its powers."
121,tt1049413,Up,2009,8.2,PG,"Animation, Adventure, Comedy, Family","Pete Docter, Bob Peterson(co-director)","Edward Asner, Christopher Plummer, Jordan Nagai, Bob Peterson",Walt Disney Pictures,English,Won 2 Oscars. Another 78 wins & 82 nominations.,"78-year-old Carl Fredricksen travels to Paradise Falls in his house equipped with balloons, inadvertently taking a young stowaway."
122,tt2095684,L,1997,8.2,Not Rated,"Comedy, Drama",Babis Makridis,"Aris Servetalis, Makis Papadimitriou, Lefteris Matthaiou, Nota Tserniafski",N/A,Greek,8 nominations.,It's absurd not to trust me.
123,tt0113277,Heat,1995,8.2,R,"Crime, Drama, Thriller",Michael Mann,"Al Pacino, Robert De Niro, Val Kilmer, Jon Voight",Warner Bros.,"English, Spanish",14 nominations.,A group of professional bank robbers start to feel the heat from police when they unknowingly leave a clue at their latest heist.
124,tt0071853,Monty Python and the Holy Grail,1975,8.2,PG,"Adventure, Comedy, Fantasy","Terry Gilliam, Terry Jones","Graham Chapman, John Cleese, Eric Idle, Terry Gilliam",Almi Cinema 5,"English, French, Latin",2 wins & 2 nominations.,"King Arthur (Graham Chapman) and his Knights of the Round Table embark on a surreal, low-budget search for the Holy Grail, encountering many, very silly obstacles."
125,tt0095016,Die Hard,1988,8.2,R,"Action, Thriller",John McTiernan,"Bruce Willis, Bonnie Bedelia, Reginald VelJohnson, Paul Gleason",20th Century Fox,"English, German, Italian, Japanese",Nominated for 4 Oscars. Another 8 wins & 2 nominations.,An NYPD officer tries to save his wife and several others taken hostage by German terrorists during a Christmas party at the Nakatomi Plaza in Los Angeles.
126,tt2759632,Rashômon,1950,8.2,N/A,Mystery,Shinzo Yoshida,"Omenosuke Ichikawa, Setsuko Kai, Yoshiko Kashiwa, Yuzuru Kume",N/A,Japanese,N/A,N/A
127,tt0055630,Yojimbo,1961,8.2,Not Rated,"Action, Drama, Thriller",Akira Kurosawa,"Toshirô Mifune, Tatsuya Nakadai, Yôko Tsukasa, Isuzu Yamada",Criterion Collection,Japanese,Nominated for 1 Oscar. Another 4 wins & 1 nomination.,A crafty ronin comes to a town divided by two criminal gangs and decides to play them against each other to free the town.
128,tt0372784,Batman Begins,2005,8.2,PG-13,"Action, Adventure",Christopher Nolan,"Christian Bale, Michael Caine, Liam Neeson, Katie Holmes",Warner Bros. Pictures,"English, Mandarin",Nominated for 1 Oscar. Another 14 wins & 72 nominations.,"After training with his mentor, Batman begins his fight to free crime-ridden Gotham City from corruption."
129,tt0091251,Come and See,1985,8.2,Not Rated,"Drama, War",Elem Klimov,"Aleksey Kravchenko, Olga Mironova, Liubomiras Laucevicius, Vladas Bagdonas",Kino International,"Belarusian, Russian, German",3 wins.,"After finding an old rifle, a young boy joins the Soviet resistance movement against ruthless German forces and experiences the horrors of World War II."
130,tt6966692,Green Book,2018,8.2,PG-13,"Biography, Comedy, Drama, Music",Peter Farrelly,"Viggo Mortensen, Mahershala Ali, Linda Cardellini, Sebastian Maniscalco",N/A,"English, Italian, Russian, German",Won 3 Oscars. Another 54 wins & 121 nominations.,A working-class Italian-American bouncer becomes the driver of an African-American classical pianist on a tour of venues through the 1960s American South.
131,tt0118849,Children of Heaven,1997,8.2,PG,"Drama, Family, Sport",Majid Majidi,"Mohammad Amir Naji, Amir Farrokh Hashemian, Bahare Seddiqi, Nafise Jafar-Mohammadi",Miramax,Persian,Nominated for 1 Oscar. Another 13 wins & 4 nominations.,"After a boy loses his sister's pair of shoes, he goes on a series of adventures in order to find them. When he can't, he tries a new way to ""win"" a new pair."
132,tt0363163,Downfall,2004,8.2,R,"Biography, Drama, History, War",Oliver Hirschbiegel,"Bruno Ganz, Alexandra Maria Lara, Corinna Harfouch, Ulrich Matthes",N/A,"German, Russian",Nominated for 1 Oscar. Another 22 wins & 32 nominations.,"Traudl Junge, the final secretary for Adolf Hitler, tells of the Nazi dictator's final days in his Berlin bunker at the end of WWII."
133,tt0105695,Unforgiven,1992,8.2,R,"Drama, Western",Clint Eastwood,"Clint Eastwood, Gene Hackman, Morgan Freeman, Richard Harris",Warner Bros. Pictures,English,Won 4 Oscars. Another 46 wins & 46 nominations.,"Retired Old West gunslinger William Munny (Clint Eastwood) reluctantly takes on one last job, with the help of his old partner Ned Logan (Morgan Freeman) and a young man, The ""Schofield Kid"" (Jaimz Woolvett)."
134,tt0053291,Some Like It Hot,1959,8.2,Not Rated,"Comedy, Music, Romance",Billy Wilder,"Marilyn Monroe, Tony Curtis, Jack Lemmon, George Raft",United Artists,English,Won 1 Oscar. Another 14 wins & 15 nominations.,"After two male musicians witness a mob hit, they flee the state in an all-female band disguised as women, but further complications set in."
135,tt0089881,Ran,1985,8.2,R,"Action, Drama, War",Akira Kurosawa,"Tatsuya Nakadai, Akira Terao, Jinpachi Nezu, Daisuke Ryû",Rialto Pictures,Japanese,Won 1 Oscar. Another 29 wins & 22 nominations.,"In Medieval Japan, an elderly warlord retires, handing over his empire to his three sons. However, he vastly underestimates how the new-found power will corrupt them and cause them to turn on each other...and him."
136,tt0347149,Howl's Moving Castle,2004,8.2,PG,"Animation, Adventure, Family, Fantasy",Hayao Miyazaki,"Chieko Baishô, Takuya Kimura, Akihiro Miwa, Tatsuya Gashûin",Buena Vista,Japanese,Nominated for 1 Oscar. Another 14 wins & 19 nominations.,"When an unconfident young woman is cursed with an old body by a spiteful witch, her only chance of breaking the spell lies with a self-indulgent yet insecure young wizard and his companions in his legged, walking castle."
137,tt0057115,The Great Escape,1963,8.2,Not Rated,"Adventure, Drama, History, Thriller, War",John Sturges,"Steve McQueen, James Garner, Richard Attenborough, James Donald",N/A,"English, German, French, Russian, Spanish",Nominated for 1 Oscar. Another 2 wins & 10 nominations.,Allied prisoners of war plan for several hundred of their number to escape from a German camp during World War II.
138,tt0042192,All About Eve,1950,8.2,Passed,Drama,Joseph L. Mankiewicz,"Bette Davis, Anne Baxter, George Sanders, Celeste Holm",20th Century Fox,"English, French",Won 6 Oscars. Another 17 wins & 18 nominations.,An ingénue insinuates herself into the lives of an established but aging stage actress and her circle of theater friends.
139,tt0268978,A Beautiful Mind,2001,8.2,PG-13,"Biography, Drama",Ron Howard,"Russell Crowe, Ed Harris, Jennifer Connelly, Christopher Plummer",Universal Pictures,English,Won 4 Oscars. Another 33 wins & 68 nominations.,"After John Nash, a brilliant but asocial mathematician, accepts secret work in cryptography, his life takes a turn for the nightmarish."
140,tt0112641,Casino,1995,8.2,R,"Crime, Drama",Martin Scorsese,"Robert De Niro, Sharon Stone, Joe Pesci, James Woods",Universal Pictures,English,Nominated for 1 Oscar. Another 4 wins & 10 nominations.,"A tale of greed, deception, money, power, and murder occur between two best friends: a mafia enforcer and a casino executive, compete against each other over a gambling empire, and over a fast living and fast loving socialite."
141,tt0457430,Pan's Labyrinth,2006,8.2,R,"Drama, Fantasy, War",Guillermo del Toro,"Ivana Baquero, Sergi López, Maribel Verdú, Doug Jones",Picturehouse,Spanish,Won 3 Oscars. Another 103 wins & 110 nominations.,"In the Falangist Spain of 1944, the bookish young stepdaughter of a sadistic army officer escapes into an eerie but captivating fantasy world."
142,tt1305806,The Secret in Their Eyes,2009,8.2,R,"Drama, Mystery, Romance, Thriller",Juan José Campanella,"Soledad Villamil, Ricardo Darín, Carla Quevedo, Pablo Rago",Sony Pictures Classics,Spanish,Won 1 Oscar. Another 52 wins & 42 nominations.,A retired legal counselor writes a novel hoping to find closure for one of his past unresolved homicide cases and for his unreciprocated love with his superior - both of which still haunt him decades later.
143,tt0096283,My Neighbor Totoro,1988,8.2,G,"Animation, Family, Fantasy",Hayao Miyazaki,"Noriko Hidaka, Chika Sakamoto, Shigesato Itoi, Sumi Shimamoto",Tokuma Shoten,Japanese,5 wins & 2 nominations.,"When two girls move to the country to be near their ailing mother, they have adventures with the wondrous forest spirits who live nearby."
144,tt0993846,The Wolf of Wall Street,2013,8.2,R,"Biography, Crime, Drama",Martin Scorsese,"Leonardo DiCaprio, Jonah Hill, Margot Robbie, Matthew McConaughey",Paramount Studios,"English, French",Nominated for 5 Oscars. Another 38 wins & 172 nominations.,"Based on the true story of Jordan Belfort, from his rise to a wealthy stock-broker living the high life to his fall involving crime, corruption and the federal government."
145,tt0081398,Raging Bull,1980,8.2,R,"Biography, Drama, Sport",Martin Scorsese,"Robert De Niro, Cathy Moriarty, Joe Pesci, Frank Vincent",United Artists,English,Won 2 Oscars. Another 22 wins & 28 nominations.,"The life of boxer Jake LaMotta, whose violence and temper that led him to the top in the ring destroyed his life outside of it."
146,tt0120735,"Lock, Stock and Two Smoking Barrels",1998,8.2,R,"Comedy, Crime",Guy Ritchie,"Jason Flemyng, Dexter Fletcher, Nick Moran, Jason Statham",Gramercy Pictures,English,Nominated for 1 BAFTA Film Award. Another 13 wins & 7 nominations.,"A botched card game in London triggers four friends, thugs, weed-growers, hard gangsters, loan sharks and debt collectors to collide with each other in a series of unexpected events, all for the sake of weed, cash and two antique shotguns."
147,tt0040897,The Treasure of the Sierra Madre,1948,8.1,Passed,"Adventure, Drama, Western",John Huston,"Humphrey Bogart, Walter Huston, Tim Holt, Bruce Bennett",WARNER BROTHERS PICTURES,"English, Spanish",Won 3 Oscars. Another 13 wins & 8 nominations.,Two Americans searching for work in Mexico convince an old prospector to help them mine for gold in the Sierra Madre Mountains.
148,tt0055031,Judgment at Nuremberg,1961,8.1,Not Rated,"Drama, War",Stanley Kramer,"Spencer Tracy, Burt Lancaster, Richard Widmark, Marlene Dietrich",United Artists,"English, German",Won 2 Oscars. Another 14 wins & 25 nominations.,"In 1948, an American court in occupied Germany tries four Nazis judged for war crimes."
149,tt0469494,There Will Be Blood,2007,8.1,R,Drama,Paul Thomas Anderson,"Daniel Day-Lewis, Martin Stringer, Matthew Braden Stringer, Jacob Stringer",Paramount Vantage,"English, American Sign Language",Won 2 Oscars. Another 110 wins & 137 nominations.,"A story of family, religion, hatred, oil and madness, focusing on a turn-of-the-century prospector in the early days of the business."
151,tt5027774,"Three Billboards Outside Ebbing, Missouri",2017,8.1,R,"Comedy, Crime, Drama",Martin McDonagh,"Frances McDormand, Caleb Landry Jones, Kerry Condon, Sam Rockwell",N/A,English,Won 2 Oscars. Another 130 wins & 225 nominations.,A mother personally challenges the local authorities to solve her daughter's murder when they fail to catch the culprit.
152,tt0015864,The Gold Rush,1925,8.1,Not Rated,"Adventure, Comedy, Drama, Family, Western",Charles Chaplin,"Charles Chaplin, Mack Swain, Tom Murray, Henry Bergman",N/A,English,Nominated for 2 Oscars. Another 3 wins & 1 nomination.,A prospector goes to the Klondike in search of gold and finds it and more.
153,tt0071315,Chinatown,1974,8.1,R,"Drama, Mystery, Thriller",Roman Polanski,"Jack Nicholson, Faye Dunaway, John Huston, Perry Lopez",Paramount Pictures,"English, Cantonese, Spanish",Won 1 Oscar. Another 20 wins & 24 nominations.,"A private detective hired to expose an adulterer finds himself caught up in a web of deceit, corruption, and murder."
154,tt0046912,Dial M for Murder,1954,8.1,PG,"Crime, Thriller",Alfred Hitchcock,"Ray Milland, Grace Kelly, Robert Cummings, John Williams",Warner Bros. Pictures,English,Nominated for 1 BAFTA Film Award. Another 5 wins & 2 nominations.,A tennis player frames his neglected wife for murder after she inadvertently foils his plan to have her murdered.
155,tt0434409,V for Vendetta,2005,8.1,R,"Action, Drama, Sci-Fi, Thriller",James McTeigue,"Natalie Portman, Hugo Weaving, Stephen Rea, Stephen Fry",Warner Bros. Pictures,English,7 wins & 27 nominations.,"In a future British tyranny, a shadowy freedom fighter, known only by the alias of ""V"", plots to overthrow it with the help of a young woman."
156,tt0050976,The Seventh Seal,1957,8.1,Not Rated,"Drama, Fantasy",Ingmar Bergman,"Gunnar Björnstrand, Bengt Ekerot, Nils Poppe, Max von Sydow",Janus Films,"Swedish, Latin",8 wins & 2 nominations.,"A man seeks answers about life, death, and the existence of God as he plays chess against the Grim Reaper during the Black Plague."
157,tt0477348,No Country for Old Men,2007,8.1,R,"Crime, Drama, Thriller","Ethan Coen, Joel Coen","Tommy Lee Jones, Javier Bardem, Josh Brolin, Woody Harrelson",Miramax Films,"English, Spanish",Won 4 Oscars. Another 159 wins & 138 nominations.,Violence and mayhem ensue after a hunter stumbles upon a drug deal gone wrong and more than two million dollars in cash near the Rio Grande.
158,tt2096673,Inside Out,2015,8.1,PG,"Animation, Adventure, Comedy, Drama, Family, Fantasy","Pete Docter, Ronnie Del Carmen(co-director)","Amy Poehler, Phyllis Smith, Richard Kind, Bill Hader",Disney/Pixar,English,Won 1 Oscar. Another 97 wins & 114 nominations.,"After young Riley is uprooted from her Midwest life and moved to San Francisco, her emotions - Joy, Fear, Anger, Disgust and Sadness - conflict on how best to navigate a new city, house, and school."
159,tt1291584,Warrior,2011,8.1,PG-13,"Drama, Sport",Gavin O'Connor,"Joel Edgerton, Tom Hardy, Nick Nolte, Jennifer Morrison",Lionsgate,"English, Spanish",Nominated for 1 Oscar. Another 5 wins & 21 nominations.,"The youngest son of an alcoholic former boxer returns home, where he's trained by his father for competition in a mixed martial arts tournament - a path that puts the fighter on a collision course with his estranged, older brother."
160,tt1130884,Shutter Island,2010,8.1,R,"Mystery, Thriller",Martin Scorsese,"Leonardo DiCaprio, Mark Ruffalo, Ben Kingsley, Max von Sydow",Paramount Studios,"English, German",11 wins & 65 nominations.,"In 1954, a U.S. Marshal investigates the disappearance of a murderer who escaped from a hospital for the criminally insane."
161,tt0117951,Trainspotting,1996,8.1,R,Drama,Danny Boyle,"Ewan McGregor, Ewen Bremner, Jonny Lee Miller, Kevin McKidd",Miramax Films,English,Nominated for 1 Oscar. Another 23 wins & 33 nominations.,"Renton, deeply immersed in the Edinburgh drug scene, tries to clean up and get out, despite the allure of the drugs and influence of friends."
162,tt0080678,The Elephant Man,1980,8.1,PG,"Biography, Drama",David Lynch,"Anthony Hopkins, John Hurt, Anne Bancroft, John Gielgud",Paramount,English,Nominated for 8 Oscars. Another 10 wins & 13 nominations.,"A Victorian surgeon rescues a heavily disfigured man who is mistreated while scraping a living as a side-show freak. Behind his monstrous façade, there is revealed a person of kindness, intelligence and sophistication."
163,tt0167404,The Sixth Sense,1999,8.1,PG-13,"Drama, Mystery, Thriller",M. Night Shyamalan,"Bruce Willis, Haley Joel Osment, Toni Collette, Olivia Williams",Hollywood/Buena Vista,"English, Latin, Spanish",Nominated for 6 Oscars. Another 36 wins & 49 nominations.,A boy who communicates with spirits seeks the help of a disheartened child psychologist.
164,tt0084787,The Thing,1982,8.1,R,"Horror, Mystery, Sci-Fi",John Carpenter,"Kurt Russell, Wilford Brimley, T.K. Carter, David Clennon",Universal Pictures,"English, Norwegian",3 nominations.,A research team in Antarctica is hunted by a shape-shifting alien that assumes the appearance of its victims.
165,tt0031381,Gone with the Wind,1939,8.1,Passed,"Drama, History, Romance, War","Victor Fleming, George Cukor, Sam Wood","Thomas Mitchell, Barbara O'Neil, Vivien Leigh, Evelyn Keyes",Loew&#39;s Inc.,English,Won 8 Oscars. Another 12 wins & 12 nominations.,A manipulative woman and a roguish man conduct a turbulent romance during the American Civil War and Reconstruction periods.
166,tt3170832,Room,2015,8.1,R,"Drama, Thriller",Lenny Abrahamson,"Brie Larson, Jacob Tremblay, Sean Bridgers, Wendy Crewson",Element Pictures,English,Won 1 Oscar. Another 104 wins & 140 nominations.,"Held captive for 7 years in an enclosed space, a woman and her young son finally gain their freedom, allowing the boy to experience the outside world for the first time."
167,tt0107290,Jurassic Park,1993,8.1,PG-13,"Action, Adventure, Sci-Fi, Thriller",Steven Spielberg,"Sam Neill, Laura Dern, Jeff Goldblum, Richard Attenborough",Universal Pictures,"English, Spanish",Won 3 Oscars. Another 39 wins & 27 nominations.,A pragmatic paleontologist visiting an almost complete theme park is tasked with protecting a couple of kids after a power failure causes the park's cloned dinosaurs to run loose.
168,tt0050986,Wild Strawberries,1957,8.1,Not Rated,"Drama, Romance",Ingmar Bergman,"Victor Sjöström, Bibi Andersson, Ingrid Thulin, Gunnar Björnstrand",Janus Films,"Swedish, Latin",Nominated for 1 Oscar. Another 16 wins & 3 nominations.,"After living a life marked by coldness, an aging professor is forced to confront the emptiness of his existence."
169,tt0083658,Blade Runner,1982,8.1,R,"Action, Sci-Fi, Thriller",Ridley Scott,"Harrison Ford, Rutger Hauer, Sean Young, Edward James Olmos",Warner Bros. Pictures,"English, German, Cantonese, Japanese, Hungarian, Arabic",Nominated for 2 Oscars. Another 12 wins & 16 nominations.,"A blade runner must pursue and terminate four replicants who stole a ship in space, and have returned to Earth to find their creator."
170,tt0050212,The Bridge on the River Kwai,1957,8.1,PG,"Adventure, Drama, War",David Lean,"William Holden, Alec Guinness, Jack Hawkins, Sessue Hayakawa",Columbia Pictures,"English, Japanese, Thai",Won 7 Oscars. Another 23 wins & 7 nominations.,"British POWs build a railway bridge across the river Kwai for their Japanese captors, oblivious of the Allies' plans to destroy it."
171,tt0266543,Finding Nemo,2003,8.1,G,"Animation, Adventure, Comedy, Family","Andrew Stanton, Lee Unkrich(co-director)","Albert Brooks, Ellen DeGeneres, Alexander Gould, Willem Dafoe",Walt Disney Pictures,English,Won 1 Oscar. Another 49 wins & 62 nominations.,"After his son is captured in the Great Barrier Reef and taken to Sydney, a timid clownfish sets out on a journey to bring him home."
172,tt0079944,Stalker,1979,8.1,Not Rated,"Drama, Sci-Fi",Andrei Tarkovsky,"Alisa Freyndlikh, Aleksandr Kaydanovskiy, Anatoliy Solonitsyn, Nikolay Grinko",Zweites Deutsches Fernsehen,Russian,2 wins & 2 nominations.,A guide leads two men through an area known as the Zone to find a room that grants wishes.
173,tt0047296,On the Waterfront,1954,8.1,Not Rated,"Crime, Drama, Thriller",Elia Kazan,"Marlon Brando, Karl Malden, Lee J. Cobb, Rod Steiger",Sony Pictures,English,Won 8 Oscars. Another 21 wins & 9 nominations.,An ex-prize fighter turned longshoreman struggles to stand up to his corrupt union bosses.
174,tt0041959,The Third Man,1949,8.1,Not Rated,"Film-Noir, Mystery, Thriller",Carol Reed,"Joseph Cotten, Alida Valli, Orson Welles, Trevor Howard",N/A,"English, German, Russian",Won 1 Oscar. Another 4 wins & 4 nominations.,"Pulp novelist Holly Martins travels to shadowy, postwar Vienna, only to find himself investigating the mysterious death of an old friend, Harry Lime."
175,tt0116282,Fargo,1996,8.1,R,"Crime, Drama, Thriller","Joel Coen, Ethan Coen","William H. Macy, Steve Buscemi, Peter Stormare, Kristin Rudrüd",Gramercy Pictures,English,Won 2 Oscars. Another 81 wins & 57 nominations.,Jerry Lundegaard's inept crime falls apart due to his and his henchmen's bungling and the persistent police work of the quite pregnant Marge Gunderson.
177,tt0120382,The Truman Show,1998,8.1,PG,"Comedy, Drama, Sci-Fi",Peter Weir,"Jim Carrey, Laura Linney, Noah Emmerich, Natascha McElhone",Paramount Pictures,English,Nominated for 3 Oscars. Another 40 wins & 65 nominations.,An insurance salesman discovers his whole life is actually a reality TV show.
178,tt1205489,Gran Torino,2008,8.1,R,Drama,Clint Eastwood,"Clint Eastwood, Christopher Carley, Bee Vang, Ahney Her",Warner Bros. Pictures/Village Roadshow,"English, Hmong",Nominated for 1 Golden Globe. Another 21 wins & 20 nominations.,"Disgruntled Korean War veteran Walt Kowalski sets out to reform his neighbor, Thao Lor, a Hmong teenager who tried to steal Kowalski's prized possession: a 1972 Gran Torino."
179,tt0046438,Tokyo Story,1953,8.1,Not Rated,Drama,Yasujirô Ozu,"Chishû Ryû, Chieko Higashiyama, Setsuko Hara, Haruko Sugimura",BFI Production,"Japanese, English",3 wins.,"An old couple visit their children and grandchildren in the city, but receive little attention."
180,tt0077416,The Deer Hunter,1978,8.1,R,"Drama, War",Michael Cimino,"Robert De Niro, John Cazale, John Savage, Christopher Walken",Universal Pictures,"English, Russian, Vietnamese, French",Won 5 Oscars. Another 19 wins & 26 nominations.,An in-depth examination of the ways in which the U.S. Vietnam War impacts and disrupts the lives of people in a small industrial town in Pennsylvania.
181,tt0353969,Memories of Murder,2003,8.1,Not Rated,"Action, Crime, Drama, Mystery, Thriller",Bong Joon Ho,"Kang-ho Song, Sang-kyung Kim, Roe-ha Kim, Jae-ho Song",Houston Lady Productions,"Korean, English",26 wins & 3 nominations.,"In a small Korean province in 1986, two detectives struggle with the case of multiple young women being found raped and murdered by an unknown culprit."
183,tt4729430,Klaus,2019,8.1,PG,"Animation, Adventure, Comedy, Family","Sergio Pablos, Carlos Martínez López(co-director)","Jason Schwartzman, J.K. Simmons, Rashida Jones, Will Sasso",N/A,"English, Saami",Nominated for 1 Oscar. Another 8 wins & 18 nominations.,"A simple act of kindness always sparks another, even in a frozen, faraway place. When Smeerensburg's new postman, Jesper, befriends toymaker Klaus, their gifts melt an age-old feud and deliver a sleigh full of holiday traditions."
184,tt0116231,The Bandit,1996,8.1,TV-MA,"Crime, Drama, Thriller",Yavuz Turgul,"Sener Sen, Ugur Yücel, Sermin Hürmeriç, Yesim Salkim",N/A,Turkish,2 wins.,"Baran the Bandit, released from prison after 35 years, searches for vengeance and his lover."
185,tt8108198,Andhadhun,2018,8.1,Not Rated,"Crime, Thriller",Sriram Raghavan,"Ayushmann Khurrana, Tabu, Radhika Apte, Anil Dhawan",N/A,"Hindi, English",25 wins & 25 nominations.,"A series of mysterious events change the life of a blind pianist, who must now report a crime that he should technically know nothing of."
186,tt0978762,Mary and Max,2009,8.1,Not Rated,"Animation, Comedy, Drama, Family",Adam Elliot,"Christopher Massey, Oliver Marks, Daisy Kocher, Daniel Marks",IFC Films,"English, Yiddish",4 wins & 9 nominations.,"A tale of friendship between two unlikely pen pals: Mary, a lonely, eight-year-old girl living in the suburbs of Melbourne, and Max, a forty-four-year old, severely obese man living in New York."
187,tt0118715,The Big Lebowski,1998,8.1,R,"Comedy, Crime, Sport","Joel Coen, Ethan Coen","Jeff Bridges, John Goodman, Julianne Moore, Steve Buscemi",Gramercy Pictures,"English, German, Hebrew, Spanish",5 wins & 17 nominations.,"Jeff ""The Dude"" Lebowski, mistaken for a millionaire of the same name, seeks restitution for his ruined rug and enlists his bowling buddies to help get it."
188,tt0107207,In the Name of the Father,1993,8.1,R,"Biography, Drama",Jim Sheridan,"Alison Crosbie, Daniel Day-Lewis, Philip King, Emma Thompson",Universal Pictures,English,Nominated for 7 Oscars. Another 7 wins & 34 nominations.,A man's coerced confession to an I.R.A. bombing he did not commit results in the imprisonment of his father as well. An English lawyer fights to free them.
189,tt2267998,Gone Girl,2014,8.1,R,"Drama, Mystery, Thriller",David Fincher,"Ben Affleck, Rosamund Pike, Neil Patrick Harris, Tyler Perry",20th Century Fox,English,Nominated for 1 Oscar. Another 64 wins & 183 nominations.,"With his wife's disappearance having become the focus of an intense media circus, a man sees the spotlight turned on him when it's suspected that he may not be innocent."
190,tt2119532,Hacksaw Ridge,2016,8.1,R,"Biography, Drama, History, War",Mel Gibson,"Andrew Garfield, Richard Pyros, Jacob Warner, Milo Gibson",N/A,"English, Japanese",Won 2 Oscars. Another 51 wins & 114 nominations.,"World War II American Army Medic Desmond T. Doss, who served during the Battle of Okinawa, refuses to kill people, and becomes the first man in American history to receive the Medal of Honor without firing a shot."
191,tt2278388,The Grand Budapest Hotel,2014,8.1,R,"Adventure, Comedy, Crime",Wes Anderson,"Ralph Fiennes, F. Murray Abraham, Mathieu Amalric, Adrien Brody",Fox Searchlight,"English, French, German",Won 4 Oscars. Another 130 wins & 225 nominations.,"A writer encounters the owner of an aging high-class hotel, who tells him of his early years serving as a lobby boy in the hotel's glorious years under an exceptional concierge."
192,tt0035446,To Be or Not to Be,1942,8.1,Passed,"Comedy, War",Ernst Lubitsch,"Carole Lombard, Jack Benny, Robert Stack, Felix Bressart",United Artists,"English, German",Nominated for 1 Oscar. Another 2 wins & 1 nomination.,"During the Nazi occupation of Poland, an acting troupe becomes embroiled in a Polish soldier's efforts to track down a German spy."
193,tt1950186,Ford v Ferrari,2019,8.1,PG-13,"Action, Biography, Drama, Sport",James Mangold,"Matt Damon, Christian Bale, Jon Bernthal, Caitriona Balfe",N/A,"English, Italian, French, Japanese",Won 2 Oscars. Another 21 wins & 73 nominations.,American car designer Carroll Shelby and driver Ken Miles battle corporate interference and the laws of physics to build a revolutionary race car for Ford in order to defeat Ferrari at the 24 Hours of Le Mans in 1966.
194,tt0060827,Persona,1966,8.1,Not Rated,"Drama, Thriller",Ingmar Bergman,"Bibi Andersson, Liv Ullmann, Margaretha Krook, Gunnar Björnstrand",Criterion Collection,"Swedish, English",Nominated for 1 BAFTA Film Award. Another 10 wins & 4 nominations.,A nurse is put in charge of a mute actress and finds that their personae are melding together.
195,tt0112471,Before Sunrise,1995,8.1,R,"Drama, Romance",Richard Linklater,"Ethan Hawke, Julie Delpy, Andrea Eckert, Hanno Pöschl",Sony Pictures,"English, German, French",1 win & 7 nominations.,"A young man and woman meet on a train in Europe, and wind up spending one evening together in Vienna. Unfortunately, both know that this will probably be their only night together."
196,tt0264464,Catch Me If You Can,2002,8.1,PG-13,"Biography, Crime, Drama",Steven Spielberg,"Leonardo DiCaprio, Tom Hanks, Christopher Walken, Martin Sheen",DreamWorks SKG,"English, French",Nominated for 2 Oscars. Another 16 wins & 44 nominations.,"A seasoned FBI agent pursues Frank Abagnale Jr. who, before his 19th birthday, successfully forged millions of dollars' worth of checks while posing as a Pan Am pilot, a doctor, and a legal prosecutor."
197,tt0892769,How to Train Your Dragon,2010,8.1,PG,"Animation, Action, Adventure, Family, Fantasy","Dean DeBlois, Chris Sanders","Jay Baruchel, Gerard Butler, Craig Ferguson, America Ferrera",Paramount/DWA,English,Nominated for 2 Oscars. Another 25 wins & 60 nominations.,"A hapless young Viking who aspires to hunt dragons becomes the unlikely friend of a young dragon himself, and learns there may be more to the creatures than he assumed."
198,tt0017925,The General,1926,8.1,Passed,"Action, Adventure, Comedy, Drama, War","Clyde Bruckman, Buster Keaton","Marion Mack, Glen Cavender, Jim Farley, Frederick Vroom",United Artists Films,English,2 wins & 1 nomination.,"When Union spies steal an engineer's beloved locomotive, he pursues it single-handedly and straight through enemy lines."
201,tt1392214,Prisoners,2013,8.1,R,"Crime, Drama, Mystery, Thriller",Denis Villeneuve,"Hugh Jackman, Jake Gyllenhaal, Viola Davis, Maria Bello",Warner Bros.,English,Nominated for 1 Oscar. Another 10 wins & 37 nominations.,"When Keller Dover's daughter and her friend go missing, he takes matters into his own hands as the police pursue multiple leads and the pressure mounts."
202,tt2024544,12 Years a Slave,2013,8.1,R,"Biography, Drama, History",Steve McQueen,"Chiwetel Ejiofor, Dwight Henry, Dickie Gravois, Bryan Batt",Fox Searchlight,English,Won 3 Oscars. Another 238 wins & 335 nominations.,"In the antebellum United States, Solomon Northup, a free black man from upstate New York, is abducted and sold into slavery."
203,tt0061512,Cool Hand Luke,1967,8.1,GP,"Crime, Drama",Stuart Rosenberg,"Paul Newman, George Kennedy, J.D. Cannon, Lou Antonio",Warner Bros.,English,Won 1 Oscar. Another 3 wins & 10 nominations.,"A laid back Southern man is sentenced to two years in a rural prison, but refuses to conform."
204,tt1392190,Mad Max: Fury Road,2015,8.1,R,"Action, Adventure, Sci-Fi, Thriller",George Miller,"Tom Hardy, Charlize Theron, Nicholas Hoult, Hugh Keays-Byrne",Warner Bros.,"English, Russian",Won 6 Oscars. Another 236 wins & 228 nominations.,"In a post-apocalyptic wasteland, a woman rebels against a tyrannical ruler in search for her homeland with the aid of a group of female prisoners, a psychotic worshiper, and a drifter named Max."
205,tt0072684,Barry Lyndon,1975,8.1,PG,"Adventure, Drama, History, War",Stanley Kubrick,"Ryan O'Neal, Marisa Berenson, Patrick Magee, Hardy Krüger",Warner Bros.,"English, German, French",Won 4 Oscars. Another 13 wins & 14 nominations.,An Irish rogue wins the heart of a rich widow and assumes her dead husband's aristocratic position in 18th-century England.
206,tt0074958,Network,1976,8.1,R,Drama,Sidney Lumet,"Faye Dunaway, William Holden, Peter Finch, Robert Duvall",MGM/United Artists,English,Won 4 Oscars. Another 16 wins & 26 nominations.,A television network cynically exploits a deranged former anchor's ravings and revelations about the news media for its own profit.
207,tt0046268,The Wages of Fear,1953,8.1,Not Rated,"Adventure, Drama, Thriller",Henri-Georges Clouzot,"Yves Montand, Charles Vanel, Folco Lulli, Peter van Eyck",Janus Films,"French, English, Spanish, German, Italian, Russian",Won 1 BAFTA Film Award. Another 5 wins.,"In a decrepit South American village, four men are hired to transport an urgent nitroglycerine shipment without the equipment that would make it safe."
208,tt0092005,Stand by Me,1986,8.1,R,"Adventure, Drama",Rob Reiner,"Wil Wheaton, River Phoenix, Corey Feldman, Jerry O'Connell",MCA Universal Home Video,English,Nominated for 1 Oscar. Another 5 wins & 10 nominations.,"After the death of one of his friends, a writer recounts a boyhood journey with his friends to find the body of a missing boy."
209,tt0758758,Into the Wild,2007,8.1,R,"Adventure, Biography, Drama",Sean Penn,"Emile Hirsch, Marcia Gay Harden, William Hurt, Jena Malone",Paramount Vantage,"English, Danish",Nominated for 2 Oscars. Another 23 wins & 104 nominations.,"After graduating from Emory University, top student and athlete Christopher McCandless abandons his possessions, gives his entire $24,000 savings account to charity and hitchhikes to Alaska to live in the wilderness. Along the way, Christopher encounters a series of characters that shape his life."
210,tt0405159,Million Dollar Baby,2004,8.1,PG-13,"Drama, Sport",Clint Eastwood,"Clint Eastwood, Hilary Swank, Morgan Freeman, Jay Baruchel",Warner Bros. Pictures,"English, Irish",Won 4 Oscars. Another 64 wins & 84 nominations.,A determined woman works with a hardened boxing trainer to become a professional.
211,tt0079470,Monty Python's Life of Brian,1979,8.1,R,Comedy,Terry Jones,"Graham Chapman, John Cleese, Terry Gilliam, Eric Idle",Warner Bros. Pictures,"English, Latin",N/A,"Born on the original Christmas in the stable next door to Jesus Christ, Brian of Nazareth (Graham Chapman) spends his life being mistaken for a messiah."
212,tt1028532,Hachi: A Dog's Tale,2009,8.1,G,"Drama, Family",Lasse Hallström,"Richard Gere, Joan Allen, Cary-Hiroyuki Tagawa, Sarah Roemer",Inferno Entertainment,"English, Japanese",1 nomination.,A college professor bonds with an abandoned dog he takes into his home.
213,tt0052618,Ben-Hur,1959,8.1,G,"Adventure, Drama, History",William Wyler,"Charlton Heston, Jack Hawkins, Haya Harareet, Stephen Boyd",MGM,English,Won 11 Oscars. Another 18 wins & 16 nominations.,"After a Jewish prince is betrayed and sent into slavery by a Roman friend, he regains his freedom and comes back for revenge."
214,tt0091763,Platoon,1986,8.1,R,"Drama, War",Oliver Stone,"Keith David, Forest Whitaker, Francesco Quinn, Kevin Dillon",Orion Pictures,"English, Vietnamese",Won 4 Oscars. Another 20 wins & 14 nominations.,A young soldier in Vietnam faces a moral crisis when confronted with the horrors of war and the duality of man.
215,tt1979320,Rush,2013,8.1,R,"Biography, Drama, Sport",Ron Howard,"Chris Hemsworth, Daniel Brühl, Olivia Wilde, Alexandra Maria Lara",Universal Pictures,"English, German, Italian, French, Spanish",Nominated for 2 Golden Globes. Another 6 wins & 63 nominations.,The merciless 1970s rivalry between Formula One rivals James Hunt and Niki Lauda.
216,tt0019254,The Passion of Joan of Arc,1928,8.1,Not Rated,"Biography, Drama, History",Carl Theodor Dreyer,"Maria Falconetti, Eugene Silvain, André Berley, Maurice Schutz",N/A,French,3 wins & 2 nominations.,"In 1431, Jeanne d'Arc is placed on trial on charges of heresy. The ecclesiastical jurists attempt to force Jeanne to recant her claims of holy visions."
217,tt3315342,Logan,2017,8.0,R,"Action, Drama, Sci-Fi, Thriller",James Mangold,"Hugh Jackman, Patrick Stewart, Dafne Keen, Boyd Holbrook",N/A,"English, Spanish",Nominated for 1 Oscar. Another 26 wins & 73 nominations.,"In a future where mutants are nearly extinct, an elderly and weary Logan leads a quiet life. But when Laura, a mutant child pursued by scientists, comes to him for help, he must get her to safety."
218,tt0097165,Dead Poets Society,1989,8.0,PG,"Comedy, Drama",Peter Weir,"Robin Williams, Robert Sean Leonard, Ethan Hawke, Josh Charles",Buena Vista Pictures,"English, Latin",Won 1 Oscar. Another 19 wins & 18 nominations.,English teacher John Keating inspires his students to look at poetry with a different perspective of authentic knowledge and feelings. -Camilo Alarcón
219,tt1201607,Harry Potter and the Deathly Hallows: Part 2,2011,8.0,PG-13,"Adventure, Drama, Fantasy, Mystery",David Yates,"Ralph Fiennes, Michael Gambon, Alan Rickman, Daniel Radcliffe",Warner Bros. Pictures,English,Nominated for 3 Oscars. Another 45 wins & 91 nominations.,"Harry, Ron, and Hermione search for Voldemort's remaining Horcruxes in their effort to destroy the Dark Lord as the final battle rages on at Hogwarts."
220,tt0060107,Andrei Rublev,1966,8.0,R,"Biography, Drama, History",Andrei Tarkovsky,"Anatoliy Solonitsyn, Ivan Lapikov, Nikolay Grinko, Nikolay Sergeev",Criterion Collection,"Russian, Italian, Tatar",3 wins & 1 nomination.,"The life, times and afflictions of the fifteenth-century Russian iconographer St. Andrei Rublev."
221,tt0053198,The 400 Blows,1959,8.0,Not Rated,"Crime, Drama",François Truffaut,"Jean-Pierre Léaud, Claire Maurier, Albert Rémy, Guy Decomble",Zenith International Films,"French, English",Nominated for 1 Oscar. Another 9 wins & 6 nominations.,"A young boy, left without attention, delves into a life of petty crime."
222,tt0395169,Hotel Rwanda,2004,8.0,PG-13,"Biography, Drama, History, War",Terry George,"Xolani Mali, Don Cheadle, Desmond Dube, Hakeem Kae-Kazim",MGM,"English, French, Kinyarwanda",Nominated for 3 Oscars. Another 16 wins & 45 nominations.,Paul Rusesabagina was a hotel manager who housed over a thousand Tutsi refugees during their struggle against the Hutu militia in Rwanda.
223,tt0245712,Amores Perros,2000,8.0,R,"Drama, Thriller",Alejandro G. Iñárritu,"Emilio Echevarría, Gael García Bernal, Goya Toledo, Álvaro Guerrero",Lionsgate,Spanish,Nominated for 1 Oscar. Another 55 wins & 23 nominations.,"A horrific car accident connects three stories, each involving characters dealing with loss, regret, and life's harsh realities, all in the name of love."
224,tt0405508,Rang De Basanti,2006,8.0,Not Rated,"Comedy, Drama",Rakeysh Omprakash Mehra,"Aamir Khan, Siddharth, Sharman Joshi, Kunal Kapoor",N/A,"Hindi, Punjabi, English",Nominated for 1 BAFTA Film Award. Another 37 wins & 29 nominations.,"The story of six young Indians who assist an English woman to film a documentary on the freedom fighters from their past, and the events that lead them to relive the long-forgotten saga of freedom."
225,tt1895587,Spotlight,2015,8.0,R,"Biography, Crime, Drama",Tom McCarthy,"Mark Ruffalo, Michael Keaton, Rachel McAdams, Liev Schreiber",Open Road Films,English,Won 2 Oscars. Another 123 wins & 141 nominations.,"The true story of how the Boston Globe uncovered the massive scandal of child molestation and cover-up within the local Catholic Archdiocese, shaking the entire Catholic Church to its core."
226,tt4016934,The Handmaiden,2016,8.0,Not Rated,"Drama, Romance, Thriller",Chan-wook Park,"Min-hee Kim, Tae-ri Kim, Jung-woo Ha, Jin-woong Cho",N/A,"Korean, Japanese",Won 1 BAFTA Film Award. Another 64 wins & 104 nominations.,"A woman is hired as a handmaiden to a Japanese heiress, but secretly she is involved in a plot to defraud her."
227,tt0087544,Nausicaä of the Valley of the Wind,1984,8.0,PG,"Animation, Adventure, Fantasy, Sci-Fi",Hayao Miyazaki,"Sumi Shimamoto, Mahito Tsujimura, Hisako Kyôda, Gorô Naya",Starmaker Entertainment,Japanese,3 wins & 1 nomination.,Warrior and pacifist Princess Nausicaä desperately struggles to prevent two warring nations from destroying themselves and their dying planet.
228,tt8613070,Portrait of a Lady on Fire,2019,8.0,R,"Drama, Romance",Céline Sciamma,"Noémie Merlant, Adèle Haenel, Luàna Bajrami, Valeria Golino",N/A,"French, Italian",Nominated for 1 Golden Globe. Another 43 wins & 124 nominations.,"On an isolated island in Brittany at the end of the eighteenth century, a female painter is obliged to paint a wedding portrait of a young woman."
229,tt0075148,Rocky,1976,8.0,PG,"Drama, Sport",John G. Avildsen,"Sylvester Stallone, Talia Shire, Burt Young, Carl Weathers",United Artists,English,Won 3 Oscars. Another 17 wins & 21 nominations.,A small-time boxer gets a supremely rare chance to fight a heavy-weight champion in a bout in which he strives to go the distance for his self-respect.
230,tt0032976,Rebecca,1940,8.0,Approved,"Drama, Mystery, Romance, Thriller",Alfred Hitchcock,"Laurence Olivier, Joan Fontaine, George Sanders, Judith Anderson",United Artists,"English, French",Won 2 Oscars. Another 5 wins & 10 nominations.,A self-conscious woman juggles adjusting to her new role as an aristocrat's wife and avoiding being intimidated by his first wife's spectral presence.
232,tt0113247,La Haine,1995,8.0,Not Rated,"Crime, Drama",Mathieu Kassovitz,"Vincent Cassel, Hubert Koundé, Saïd Taghmaoui, Abdel Ahmed Ghili",Criterion Collection,French,8 wins & 14 nominations.,24 hours in the lives of three young men in the French suburbs the day after a violent riot.
233,tt0025316,It Happened One Night,1934,8.0,Approved,"Comedy, Romance",Frank Capra,"Clark Gable, Claudette Colbert, Walter Connolly, Roscoe Karns",Sony Pictures Home Entertainment,English,Won 5 Oscars. Another 5 wins & 2 nominations.,A spoiled heiress running away from her family is helped by a man who is actually a reporter in need of a story.
234,tt1954470,Gangs of Wasseypur,2012,8.0,Not Rated,"Action, Comedy, Crime, Drama, Thriller",Anurag Kashyap,"Manoj Bajpayee, Richa Chadha, Nawazuddin Siddiqui, Tigmanshu Dhulia",Studio 18,Hindi,17 wins & 45 nominations.,"A clash between Sultan and Shahid Khan leads to the expulsion of Khan from Wasseypur, and ignites a deadly blood feud spanning three generations."
235,tt0118694,In the Mood for Love,2000,8.0,PG,"Drama, Romance",Kar-Wai Wong,"Maggie Cheung, Tony Chiu-Wai Leung, Ping Lam Siu, Tung Cho 'Joe' Cheung",USA Films,"Cantonese, Shanghainese, French, Spanish",Nominated for 1 BAFTA Film Award. Another 45 wins & 50 nominations.,"Two neighbors, a woman and a man, form a strong bond after both suspect extramarital activities of their spouses. However, they agree to keep their bond platonic so as not to commit similar wrongs."
236,tt0381681,Before Sunset,2004,8.0,R,"Drama, Romance",Richard Linklater,"Ethan Hawke, Julie Delpy, Vernon Dobtcheff, Louise Lemoine Torrès",Warner Independent Pictures,"English, French",Nominated for 1 Oscar. Another 9 wins & 31 nominations.,"Nine years after Jesse and Celine first met, they encounter each other again on the French leg of Jesse's book tour."
237,tt0093779,The Princess Bride,1987,8.0,PG,"Adventure, Family, Fantasy, Romance",Rob Reiner,"Cary Elwes, Mandy Patinkin, Chris Sarandon, Christopher Guest",20th Century Fox,English,Nominated for 1 Oscar. Another 7 wins & 8 nominations.,"While home sick in bed, a young boy's grandfather reads him the story of a farmboy-turned-pirate who encounters numerous obstacles, enemies and allies in his quest to be reunited with his true love."
238,tt1454029,The Help,2011,8.0,PG-13,Drama,Tate Taylor,"Emma Stone, Viola Davis, Bryce Dallas Howard, Octavia Spencer",DreamWorks Studios,English,Won 1 Oscar. Another 79 wins & 120 nominations.,"An aspiring author during the civil rights movement of the 1960s decides to write a book detailing the African American maids' point of view on the white families for which they work, and the hardships they go through on a daily basis."
239,tt0087884,"Paris, Texas",1984,8.0,R,Drama,Wim Wenders,"Harry Dean Stanton, Nastassja Kinski, Dean Stockwell, Aurore Clément",20th Century Fox,"English, Spanish",Nominated for 1 Golden Globe. Another 16 wins & 10 nominations.,"Travis Henderson, an aimless drifter who has been missing for four years, wanders out of the desert and must reconnect with society, himself, his life, and his family."
240,tt4857264,The Invisible Guest,2016,8.0,N/A,"Crime, Mystery, Thriller",Oriol Paulo,"Mario Casas, Ana Wagener, Jose Coronado, Bárbara Lennie",N/A,Spanish,1 win & 2 nominations.,A successful entrepreneur accused of murder and a witness preparation expert have less than three hours to come up with an impregnable defence.
241,tt4430212,Drishyam,2015,8.0,Not Rated,"Crime, Drama, Mystery, Thriller",Nishikant Kamat,"Ajay Devgn, Shriya Saran, Tabu, Rajat Kapoor",N/A,Hindi,1 win & 2 nominations.,"Desperate measures are taken by a man who tries to save his family from the dark side of the law, after they commit an unexpected crime."
242,tt0088247,The Terminator,1984,8.0,R,"Action, Sci-Fi",James Cameron,"Arnold Schwarzenegger, Michael Biehn, Linda Hamilton, Paul Winfield",Orion Pictures Corporation,"English, Spanish",7 wins & 6 nominations.,"In 1984, a human soldier is tasked to stop an indestructible cyborg killing machine, both sent from 2029, from executing a young woman, whose unborn son is the key to humanity's future salvation."
243,tt0043338,Ace in the Hole,1951,8.0,Approved,"Drama, Film-Noir",Billy Wilder,"Kirk Douglas, Jan Sterling, Robert Arthur, Porter Hall",Paramount Pictures,"English, Spanish, Latin",Nominated for 1 Oscar. Another 4 wins & 2 nominations.,"A frustrated former big-city journalist now stuck working for an Albuquerque newspaper exploits a story about a man trapped in a cave to rekindle his career, but the situation quickly escalates into an out-of-control circus."
245,tt0169102,Lagaan: Once Upon a Time in India,2001,8.0,PG,"Adventure, Drama, Musical, Sport",Ashutosh Gowariker,"Aamir Khan, Gracy Singh, Rachel Shelley, Paul Blackthorne",B4U Entertainment,"Hindi, English, Awadhi, Urdu",Nominated for 1 Oscar. Another 54 wins & 19 nominations.,The people of a small village in Victorian India stake their future on a game of cricket against their ruthless British rulers.
246,tt0064115,Butch Cassidy and the Sundance Kid,1969,8.0,PG,"Biography, Crime, Drama, Western",George Roy Hill,"Paul Newman, Robert Redford, Katharine Ross, Strother Martin",20th Century Fox,"English, Spanish",Won 4 Oscars. Another 17 wins & 14 nominations.,"Wyoming, early 1900s. Butch Cassidy and The Sundance Kid are the leaders of a band of outlaws. After a train robbery goes wrong they find themselves on the run with a posse hard on their heels. Their solution - escape to Bolivia."
247,tt0103639,Aladdin,1992,8.0,G,"Animation, Adventure, Comedy, Family, Fantasy, Musical, Romance","Ron Clements, John Musker","Scott Weinger, Robin Williams, Linda Larkin, Jonathan Freeman",Walt Disney Pictures,English,Won 2 Oscars. Another 31 wins & 22 nominations.,A kindhearted street urchin and a power-hungry Grand Vizier vie for a magic lamp that has the power to make their deepest wishes come true.
248,tt0094625,Akira,1988,8.0,R,"Animation, Drama, Sci-Fi, Thriller",Katsuhiro Ôtomo,"Mitsuo Iwata, Nozomu Sasaki, Mami Koyama, Tesshô Genda",Streamline Pictures,Japanese,1 win.,A secret military project endangers Neo-Tokyo when it turns a biker gang member into a rampaging psychic psychopath who can only be stopped by two teenagers and a group of psychics.
249,tt0050613,Throne of Blood,1957,8.0,Not Rated,"Drama, History",Akira Kurosawa,"Toshirô Mifune, Isuzu Yamada, Takashi Shimura, Akira Kubo",Media Home Entertainment,Japanese,3 wins & 1 nomination.,"A war-hardened general, egged on by his ambitious wife, works to fulfill a prophecy that he would become lord of Spider's Web Castle."
250,tt0083922,Fanny and Alexander,1982,8.0,R,Drama,Ingmar Bergman,"Kristina Adolphson, Börje Ahlstedt, Pernilla Allwin, Kristian Almgren",Embassy Pictures Corporation,"Swedish, German, Yiddish, English, French",Won 4 Oscars. Another 21 wins & 11 nominations.,"Two young Swedish children experience the many comedies and tragedies of their family, the Ekdahls."
