,IMDb ID,Title,Streaming Service,Streaming URL
0,tt0111161,The Shawshank Redemption,Netflix,https://www.netflix.com/title/70005379
1,tt0111161,The Shawshank Redemption,Google Play,https://play.google.com/store/movies/details/The_Shawshank_Redemption?gl=US&hl=en&id=RLw6hBFJ8bk
2,tt0111161,The Shawshank Redemption,Amazon Instant Video,https://www.amazon.com/gp/product/B001EBV0P8?creativeASIN=B001EBV0P8&ie=UTF8&linkCode=xm2&tag=utellycom00-21
3,tt0111161,The Shawshank Redemption,iTunes,https://itunes.apple.com/us/movie/the-shawshank-redemption/id282875479
4,tt0068646,The Godfather,Google Play,https://play.google.com/store/movies/details/The_Godfather?gl=US&hl=en&id=vdQi6Ebjm8c
5,tt0068646,The Godfather,iTunes,https://itunes.apple.com/us/movie/the-godfather-the-coppola-restoration/id285494571
6,tt0068646,The Godfather,Amazon Instant Video,https://www.amazon.com/gp/product/B005DNPFUE?creativeASIN=B005DNPFUE&ie=UTF8&linkCode=xm2&tag=utellycom00-21
7,tt0071562,The Godfather: Part II,Google Play,https://play.google.com/store/movies/details/The_Godfather_Part_II?gl=US&hl=en&id=a8PT11hT-aM
8,tt0071562,The Godfather: Part II,iTunes,https://itunes.apple.com/us/movie/the-godfather-part-ii-the-coppola-restoration/id289039042
9,tt0071562,The Godfather: Part II,Amazon Instant Video,https://www.amazon.com/gp/product/B001GJ5AOU?creativeASIN=B001GJ5AOU&ie=UTF8&linkCode=xm2&tag=utellycom00-21
10,tt0071562,The Godfather: Part II,FandangoMoviesIVAUS,"http://www.fandango.com/The+Godfather,+Part+II+%281975%29_2848/movieoverview"
11,tt0468569,Dark Knight - The Dark Knight,iTunes,https://itunes.apple.com/us/movie/the-dark-knight/id764632601
12,tt0468569,Dark Knight - The Dark Knight,Google Play,https://play.google.com/store/movies/details/The_Dark_Knight?gl=US&hl=en&id=qY3UkAHufLY
13,tt0468569,Dark Knight - The Dark Knight,Amazon Instant Video,https://www.amazon.com/gp/product/B001I189MQ?creativeASIN=B001I189MQ&ie=UTF8&linkCode=xm2&tag=utellycom00-21
14,tt0050083,12 Angry Men,iTunes,https://itunes.apple.com/us/movie/12-angry-men/id299020164
15,tt0050083,12 Angry Men,Google Play,https://play.google.com/store/movies/details/12_Angry_Men?gl=US&hl=en&id=J61XJhYiUpg
16,tt0050083,12 Angry Men,Amazon Instant Video,https://www.amazon.com/gp/product/B001MLWLHG?creativeASIN=B001MLWLHG&ie=UTF8&linkCode=xm2&tag=utellycom00-21
17,tt0050083,12 Angry Men,Amazon Prime Video,https://www.amazon.com/gp/product/B07JCK5XXN?creativeASIN=B07JCK5XXN&ie=UTF8&linkCode=xm2&tag=utellycom00-21
18,tt0108052,Schindler's List,Google Play,https://play.google.com/store/movies/details/Schindler_s_List?gl=US&hl=en&id=TEY0dQAF4k4
19,tt0108052,Schindler's List,Amazon Instant Video,https://www.amazon.com/gp/product/B00BEN0YP8?creativeASIN=B00BEN0YP8&ie=UTF8&linkCode=xm2&tag=utellycom00-21
20,tt0108052,Schindler's List,iTunes,https://itunes.apple.com/us/movie/schindlers-list/id587742072
21,tt0167260,The Lord of the Rings - The Return of the King (Special Extended Edition),iTunes,https://itunes.apple.com/us/movie/the-lord-of-the-rings-the-return-of-the-king-extended-edition/id431020315
22,tt0167260,The Lord of the Rings - The Return of the King (Special Extended Edition),Google Play,https://play.google.com/store/movies/details/The_Lord_of_the_Rings_The_Return_of_the_King_Exten?gl=US&hl=en&id=ZxVIU6YWX-Q
23,tt0167260,The Lord of the Rings - The Return of the King (Special Extended Edition),Amazon Instant Video,https://www.amazon.com/gp/product/B0039Q4FBW?creativeASIN=B0039Q4FBW&ie=UTF8&linkCode=xm2&tag=utellycom00-21
24,tt0110912,Pulp Fiction,Amazon Instant Video,https://www.amazon.com/gp/product/B005T3AX6E?creativeASIN=B005T3AX6E&ie=UTF8&linkCode=xm2&tag=utellycom00-21
25,tt0110912,Pulp Fiction,Google Play,https://play.google.com/store/movies/details/Pulp_Fiction?gl=us&hl=en&id=hhMtO1MVFSo
26,tt0110912,Pulp Fiction,iTunes,https://itunes.apple.com/us/movie/pulp-fiction/id463252252
27,tt0060196,"The Good, the Bad and the Ugly",iTunes,https://itunes.apple.com/us/movie/the-good-the-bad-and-the-ugly/id270778212
28,tt0060196,"The Good, the Bad and the Ugly",Amazon Instant Video,https://www.amazon.com/gp/product/B0011XBLUS?creativeASIN=B0011XBLUS&ie=UTF8&linkCode=xm2&tag=utellycom00-21
29,tt0060196,"The Good, the Bad and the Ugly",Google Play,https://play.google.com/store/movies/details/The_Good_The_Bad_and_The_Ugly?gl=US&hl=en&id=6ZjyfOwyue8
30,tt0060196,"The Good, the Bad and the Ugly",Amazon Prime Video,https://www.amazon.com/gp/product/B0011XBLUS?creativeASIN=B0011XBLUS&ie=UTF8&linkCode=xm2&tag=utellycom00-21
31,tt0060196,"The Good, the Bad and the Ugly",Netflix,https://www.netflix.com/title/553500
32,tt0120737,The Lord of the Rings - The Fellowship of the Ring (Special Extended Edition),iTunes,https://itunes.apple.com/us/movie/lord-rings-fellowship-ring-extended-edition/id430796548
33,tt0120737,The Lord of the Rings - The Fellowship of the Ring (Special Extended Edition),Google Play,https://play.google.com/store/movies/details/The_Lord_of_the_Rings_The_Fellowship_of_the_Ring_E?gl=US&hl=en&id=QG1Y-dq-EFE
34,tt0120737,The Lord of the Rings - The Fellowship of the Ring (Special Extended Edition),Amazon Instant Video,https://www.amazon.com/gp/product/B00552986K?creativeASIN=B00552986K&ie=UTF8&linkCode=xm2&tag=utellycom00-21
35,tt0137523,Fight Club,HBO,https://play.hbogo.com/feature/GXSycSQud4r29bAEAAA10
36,tt0137523,Fight Club,iTunes,https://itunes.apple.com/us/movie/fight-club/id290531770
37,tt0137523,Fight Club,Amazon Instant Video,https://www.amazon.com/gp/product/B001H1SVO8?creativeASIN=B001H1SVO8&ie=UTF8&linkCode=xm2&tag=utellycom00-21
38,tt0137523,Fight Club,Google Play,https://play.google.com/store/movies/details/Fight_Club?gl=us&hl=en&id=amiyHvl0I4s
39,tt0109830,Forrest Gump,iTunes,https://itunes.apple.com/us/movie/forrest-gump/id314029341
40,tt0109830,Forrest Gump,Google Play,https://play.google.com/store/movies/details/Forrest_Gump?gl=US&hl=en&id=EtYNngO7eq4
41,tt0109830,Forrest Gump,Amazon Instant Video,https://www.amazon.com/gp/product/B002QVZ71I?creativeASIN=B002QVZ71I&ie=UTF8&linkCode=xm2&tag=utellycom00-21
42,tt1375666,Inception,iTunes,https://itunes.apple.com/us/movie/inception/id400763833
43,tt1375666,Inception,Google Play,https://play.google.com/store/movies/details/Inception?gl=US&hl=en&id=E1iqGiX0lSg
44,tt1375666,Inception,Amazon Instant Video,https://www.amazon.com/gp/product/B0047WJ11G?creativeASIN=B0047WJ11G&ie=UTF8&linkCode=xm2&tag=utellycom00-21
45,tt1375666,Inception,Netflix,https://www.netflix.com/title/70131314
46,tt0080684,Star Wars: The Empire Strikes Back,iTunes,https://itunes.apple.com/us/movie/star-wars-the-empire-strikes-back/id975793398
47,tt0080684,Star Wars: The Empire Strikes Back,Amazon Instant Video,https://www.amazon.com/gp/product/B07939L9HK?creativeASIN=B07939L9HK&ie=UTF8&linkCode=xm2&tag=utellycom00-21
48,tt0080684,Star Wars: The Empire Strikes Back,DisneyPlusIVAUS,https://www.disneyplus.com/movies/star-wars-the-empire-strikes-back-episode-v/iqtDTZAewwYl
49,tt0080684,Star Wars: The Empire Strikes Back,Google Play,https://play.google.com/store/movies/details/Star_Wars_The_Empire_Strikes_Back?gl=US&hl=en&id=Ooh3k8cJDBg
50,tt0167261,The Lord of the Rings - The Two Towers (Special Extended Edition),iTunes,https://itunes.apple.com/us/movie/the-lord-of-the-rings-the-two-towers-extended-edition/id431069862
51,tt0167261,The Lord of the Rings - The Two Towers (Special Extended Edition),Google Play,https://play.google.com/store/movies/details/The_Lord_of_the_Rings_The_Two_Towers?gl=US&hl=en&id=bWGJA1Rk1vg
52,tt0167261,The Lord of the Rings - The Two Towers (Special Extended Edition),Amazon Instant Video,https://www.amazon.com/gp/product/B0037WP83M?creativeASIN=B0037WP83M&ie=UTF8&linkCode=xm2&tag=utellycom00-21
53,tt0133093,The Matrix,iTunes,https://itunes.apple.com/us/movie/the-matrix/id271469518
54,tt0133093,The Matrix,Google Play,https://play.google.com/store/movies/details/The_Matrix?gl=US&hl=en&id=qEXv-rVWAu8
55,tt0133093,The Matrix,Amazon Instant Video,https://www.amazon.com/gp/product/B000GJPL1S?creativeASIN=B000GJPL1S&ie=UTF8&linkCode=xm2&tag=utellycom00-21
56,tt0133093,The Matrix,Netflix,https://www.netflix.com/title/20557937
57,tt0099685,Goodfellas,iTunes,https://itunes.apple.com/us/movie/goodfellas-remastered-feature/id975726791
58,tt0099685,Goodfellas,Google Play,https://play.google.com/store/movies/details/Goodfellas?gl=US&hl=en&id=iAJUzPIIvGs
59,tt0099685,Goodfellas,Amazon Instant Video,https://www.amazon.com/gp/product/B00X5FXCW0?creativeASIN=B00X5FXCW0&ie=UTF8&linkCode=xm2&tag=utellycom00-21
60,tt0099685,Goodfellas,Netflix,https://www.netflix.com/title/70002022
61,tt0073486,One Flew Over the Cuckoo's Nest,FandangoMoviesIVAUS,http://www.fandango.com/One+Flew+Over+the+Cuckoo%27s+Nest+%281975%29+45th+Anniversary+presented+by+TCM_221794/movieoverview
62,tt0073486,One Flew Over the Cuckoo's Nest,iTunes,https://itunes.apple.com/us/movie/one-flew-over-the-cuckoos-nest/id278291787
63,tt0073486,One Flew Over the Cuckoo's Nest,Google Play,https://play.google.com/store/movies/details/One_Flew_Over_the_Cuckoo_s_Nest?gl=US&hl=en&id=zMox95yKNkY
64,tt0047478,Seven Samurai,iTunes,https://itunes.apple.com/us/movie/seven-samurai/id474656244
65,tt0047478,Seven Samurai,Google Play,https://play.google.com/store/movies/details/Seven_Samurai?gl=US&hl=en&id=PI2vfWsQKww
66,tt0047478,Seven Samurai,Amazon Instant Video,https://www.amazon.com/gp/product/B004D1AIZ4?creativeASIN=B004D1AIZ4&ie=UTF8&linkCode=xm2&tag=utellycom00-21
67,tt0114369,Se7en,Google Play,https://play.google.com/store/movies/details/Seven?gl=US&hl=en&id=aqnd2FNE4a0
68,tt0114369,Se7en,Amazon Instant Video,https://www.amazon.com/gp/product/B00464F19Q?creativeASIN=B00464F19Q&ie=UTF8&linkCode=xm2&tag=utellycom00-21
69,tt0114369,Se7en,iTunes,https://itunes.apple.com/us/movie/seven/id534912090
70,tt0118799,Life is Beautiful,Amazon Instant Video,https://www.amazon.com/gp/product/B00BB8VRPM?creativeASIN=B00BB8VRPM&ie=UTF8&linkCode=xm2&tag=utellycom00-21
71,tt0118799,Life is Beautiful,Google Play,https://play.google.com/store/movies/details/Life_Is_Beautiful?gl=US&hl=en&id=Q1qggoumYi0
72,tt0118799,Life is Beautiful,iTunes,https://itunes.apple.com/us/movie/life-is-beautiful-subtitled/id598323994
73,tt0317248,City of God,Google Play,https://play.google.com/store/movies/details/City_of_God?gl=US&hl=en&id=cfkvNYmWxck
74,tt0317248,City of God,iTunes,https://itunes.apple.com/us/movie/city-of-god/id484351323
75,tt0317248,City of God,Amazon Instant Video,https://www.amazon.com/gp/product/B006LG7MWG?creativeASIN=B006LG7MWG&ie=UTF8&linkCode=xm2&tag=utellycom00-21
76,tt0102926,The Silence of the Lambs,iTunes,https://itunes.apple.com/us/movie/the-silence-of-the-lambs/id300887252
77,tt0102926,The Silence of the Lambs,Amazon Instant Video,https://www.amazon.com/gp/product/B002CMORTE?creativeASIN=B002CMORTE&ie=UTF8&linkCode=xm2&tag=utellycom00-21
78,tt0102926,The Silence of the Lambs,Google Play,https://play.google.com/store/movies/details/The_Silence_of_the_Lambs?gl=US&hl=en&id=ayA38BR2OTE
79,tt0038650,It's a Wonderful Life,iTunes,https://itunes.apple.com/us/movie/its-a-wonderful-life/id297250466
80,tt0038650,It's a Wonderful Life,Google Play,https://play.google.com/store/movies/details/It_s_A_Wonderful_Life?gl=US&hl=en&id=0jrzugs9a3w
81,tt0038650,It's a Wonderful Life,Amazon Prime Video,https://www.amazon.com/gp/product/B07JNJPHFJ?creativeASIN=B07JNJPHFJ&ie=UTF8&linkCode=xm2&tag=utellycom00-21
82,tt0038650,It's a Wonderful Life,Amazon Instant Video,https://www.amazon.com/gp/product/B001M432XA?creativeASIN=B001M432XA&ie=UTF8&linkCode=xm2&tag=utellycom00-21
83,tt0076759,Star Wars: Episode IV - A New Hope,Google Play,https://play.google.com/store/movies/details/Star_Wars_A_New_Hope?gl=US&hl=en&id=yYNSSNJ0z_U
84,tt0076759,Star Wars: Episode IV - A New Hope,iTunes,https://itunes.apple.com/us/movie/star-wars-a-new-hope/id978943481
85,tt0076759,Star Wars: Episode IV - A New Hope,Amazon Instant Video,https://www.amazon.com/gp/product/B081B7GHWK?creativeASIN=B081B7GHWK&ie=UTF8&linkCode=xm2&tag=utellycom00-21
86,tt0076759,Star Wars: Episode IV - A New Hope,DisneyPlusIVAUS,https://www.disneyplus.com/movies/star-wars-a-new-hope-episode-iv/12fVeZxD2fWJ
87,tt6751668,Parasite,Amazon Instant Video,https://www.amazon.com/gp/product/B07YM24L3B?creativeASIN=B07YM24L3B&ie=UTF8&linkCode=xm2&tag=utellycom00-21
88,tt6751668,Parasite,iTunes,https://itunes.apple.com/us/movie/parasite/id1482083457
89,tt6751668,Parasite,Google Play,https://play.google.com/store/movies/details/Parasite?gl=us&hl=en&id=oiF1dHVcqM8
90,tt6751668,Parasite,Hulu,https://www.hulu.com/watch/2fd691a0-f66b-467f-8635-00d7f151f3d4
91,tt0120815,Saving Private Ryan,Amazon Instant Video,https://www.amazon.com/gp/product/B00DQJPIO0?creativeASIN=B00DQJPIO0&ie=UTF8&linkCode=xm2&tag=utellycom00-21
92,tt0120815,Saving Private Ryan,iTunes,https://itunes.apple.com/us/movie/saving-private-ryan/id374883182
93,tt0120815,Saving Private Ryan,Google Play,https://play.google.com/store/movies/details/Saving_Private_Ryan?gl=US&hl=en&id=pddSegN5dLg
94,tt0245429,Spirited Away,Amazon Instant Video,https://www.amazon.com/gp/product/B081JYSNX1?creativeASIN=B081JYSNX1&ie=UTF8&linkCode=xm2&tag=utellycom00-21
95,tt0245429,Spirited Away,iTunes,https://itunes.apple.com/us/movie/spirited-away/id1485479968
96,tt0245429,Spirited Away,Google Play,https://play.google.com/store/movies/details/Spirited_Away?gl=US&hl=en&id=x399jzc3XIs.P
97,tt0120689,The Green Mile,Google Play,https://play.google.com/store/movies/details/The_Green_Mile?gl=US&hl=en&id=_ahLXw78cbY
98,tt0120689,The Green Mile,iTunes,https://itunes.apple.com/us/movie/the-green-mile/id283270111
99,tt0120689,The Green Mile,Amazon Instant Video,https://www.amazon.com/gp/product/B001EBWIPY?creativeASIN=B001EBWIPY&ie=UTF8&linkCode=xm2&tag=utellycom00-21
100,tt0816692,Interstellar,iTunes,https://itunes.apple.com/us/movie/interstellar/id960891136
101,tt0816692,Interstellar,Google Play,https://play.google.com/store/movies/details/Interstellar?gl=US&hl=en&id=Df7IEKqimOY
102,tt0110413,Léon: The Professional,Amazon Instant Video,https://www.amazon.com/gp/product/B0143DTC7G?creativeASIN=B0143DTC7G&ie=UTF8&linkCode=xm2&tag=utellycom00-21
103,tt0110413,Léon: The Professional,Google Play,https://play.google.com/store/movies/details/The_Professional_1994?gl=US&hl=en&id=z3hc1TulJRE
104,tt0114814,The Usual Suspects,iTunes,https://itunes.apple.com/us/movie/the-usual-suspects/id267913118
105,tt0114814,The Usual Suspects,Google Play,https://play.google.com/store/movies/details/The_Usual_Suspects?gl=US&hl=en&id=tjwXBkooYaI
106,tt0114814,The Usual Suspects,Amazon Instant Video,https://www.amazon.com/gp/product/B00101ZOTA?creativeASIN=B00101ZOTA&ie=UTF8&linkCode=xm2&tag=utellycom00-21
107,tt0056058,Harakiri,iTunes,https://itunes.apple.com/us/movie/harakiri/id895968268
108,tt0056058,Harakiri,Amazon Instant Video,https://www.amazon.com/gp/product/B00N8MBJ7U?creativeASIN=B00N8MBJ7U&ie=UTF8&linkCode=xm2&tag=utellycom00-21
109,tt0110357,The Lion King,iTunes,https://itunes.apple.com/us/movie/the-lion-king/id442123718
110,tt0110357,The Lion King,Amazon Instant Video,https://www.amazon.com/gp/product/B073ZQHYHX?creativeASIN=B073ZQHYHX&ie=UTF8&linkCode=xm2&tag=utellycom00-21
111,tt0110357,The Lion King,Google Play,https://play.google.com/store/movies/details/The_Lion_King?gl=US&hl=en&id=vgEAkOtl1FE
112,tt0110357,The Lion King,DisneyPlusIVAUS,https://www.disneyplus.com/movies/the-lion-king-the-walt-disney-signature-collection/1HqwiEcje6Nj
113,tt0120586,American History X,Google Play,https://play.google.com/store/movies/details/American_History_X?gl=US&hl=en&id=Q6jCuiRjg4Q
114,tt0120586,American History X,iTunes,https://itunes.apple.com/us/movie/american-history-x/id303160880
115,tt0120586,American History X,Amazon Instant Video,https://www.amazon.com/gp/product/B000YHC9WQ?creativeASIN=B000YHC9WQ&ie=UTF8&linkCode=xm2&tag=utellycom00-21
116,tt0253474,The Pianist,Google Play,https://play.google.com/store/movies/details/The_Pianist?gl=US&hl=en&id=yo_5Qy32wPg
117,tt0253474,The Pianist,Amazon Prime Video,https://www.amazon.com/gp/product/B084TN1VC4?creativeASIN=B084TN1VC4&ie=UTF8&linkCode=xm2&tag=utellycom00-21
118,tt0253474,The Pianist,Netflix,https://www.netflix.com/title/60025061
119,tt0103064,Terminator 2 - Judgement Day  (Skynet Edition),iTunes,https://itunes.apple.com/us/movie/terminator-2-judgment-day/id214818692
120,tt0103064,Terminator 2 - Judgement Day  (Skynet Edition),Google Play,https://play.google.com/store/movies/details/Terminator_2_Judgment_Day?gl=US&hl=en&id=FEbLVqvc1_E
121,tt0103064,Terminator 2 - Judgement Day  (Skynet Edition),Amazon Instant Video,https://www.amazon.com/gp/product/B00ZRID4HG?creativeASIN=B00ZRID4HG&ie=UTF8&linkCode=xm2&tag=utellycom00-21
122,tt0088763,Back to the Future Part I,iTunes,https://itunes.apple.com/us/movie/back-to-the-future/id380239015
123,tt0088763,Back to the Future Part I,Amazon Instant Video,https://www.amazon.com/gp/product/B00439FV0S?creativeASIN=B00439FV0S&ie=UTF8&linkCode=xm2&tag=utellycom00-21
124,tt0088763,Back to the Future Part I,Google Play,https://play.google.com/store/movies/details/Back_to_the_Future?gl=US&hl=en&id=UpEbGV-mjq0
125,tt0027977,Modern Times,Amazon Instant Video,https://www.amazon.com/gp/product/B004DARF6A?creativeASIN=B004DARF6A&ie=UTF8&linkCode=xm2&tag=utellycom00-21
126,tt0027977,Modern Times,iTunes,https://itunes.apple.com/us/movie/modern-times/id481548902
127,tt0054215,Psycho,iTunes,https://itunes.apple.com/us/movie/psycho-1960/id284289301
128,tt0054215,Psycho,Google Play,https://play.google.com/store/movies/details/Psycho_1960?gl=US&hl=en&id=_GF_A6K9TwI
129,tt0054215,Psycho,Amazon Instant Video,https://www.amazon.com/gp/product/B000ICXQXI?creativeASIN=B000ICXQXI&ie=UTF8&linkCode=xm2&tag=utellycom00-21
130,tt0054215,Psycho,FandangoMoviesIVAUS,http://www.fandango.com/Psycho+%281960%29+60th+Anniversary+presented+by+TCM_221795/movieoverview
131,tt0172495,Gladiator,Amazon Instant Video,https://www.amazon.com/gp/product/B005DNO7MQ?creativeASIN=B005DNO7MQ&ie=UTF8&linkCode=xm2&tag=utellycom00-21
132,tt0172495,Gladiator,Google Play,https://play.google.com/store/movies/details/Gladiator?gl=US&hl=en&id=l-kV68xPVnM
133,tt0172495,Gladiator,iTunes,https://itunes.apple.com/us/movie/gladiator/id397380075
134,tt0021749,City Lights,Google Play,https://play.google.com/store/movies/details/City_Lights?gl=US&hl=en&id=x2sUmbtCBzE
135,tt0021749,City Lights,Amazon Instant Video,https://www.amazon.com/gp/product/B004DH7XLK?creativeASIN=B004DH7XLK&ie=UTF8&linkCode=xm2&tag=utellycom00-21
136,tt0021749,City Lights,iTunes,https://itunes.apple.com/us/movie/city-lights/id592889171
137,tt0407887,The Departed,iTunes,https://itunes.apple.com/us/movie/the-departed/id284563157
138,tt0407887,The Departed,Google Play,https://play.google.com/store/movies/details/The_Departed?gl=US&hl=en&id=loJGSgb9PUE
139,tt0407887,The Departed,Amazon Instant Video,https://www.amazon.com/gp/product/B000NGTJTY?creativeASIN=B000NGTJTY&ie=UTF8&linkCode=xm2&tag=utellycom00-21
140,tt2582802,Whiplash,Google Play,https://play.google.com/store/movies/details/Whiplash?gl=US&hl=en&id=Oe2aD3Px9wg
141,tt2582802,Whiplash,iTunes,https://itunes.apple.com/us/movie/whiplash/id935216672
142,tt2582802,Whiplash,Amazon Instant Video,https://www.amazon.com/gp/product/B00TYBD6VQ?creativeASIN=B00TYBD6VQ&ie=UTF8&linkCode=xm2&tag=utellycom00-21
143,tt0482571,The Prestige,Amazon Instant Video,https://www.amazon.com/gp/product/B003QS9WIE?creativeASIN=B003QS9WIE&ie=UTF8&linkCode=xm2&tag=utellycom00-21
144,tt0482571,The Prestige,Google Play,https://play.google.com/store/movies/details/The_Prestige?gl=US&hl=en&id=ZjDbu44RFnU
145,tt0482571,The Prestige,iTunes,https://itunes.apple.com/us/movie/the-prestige/id209960866
146,tt0064116,Once Upon a Time in the West,FandangoMoviesIVAUS,http://www.fandango.com/Once+Upon+a+Time+in+the+West_971/movieoverview
147,tt0064116,Once Upon a Time in the West,Netflix,https://www.netflix.com/title/60031884
148,tt0064116,Once Upon a Time in the West,iTunes,https://itunes.apple.com/us/movie/once-upon-a-time-in-the-west/id209501328
149,tt0064116,Once Upon a Time in the West,Amazon Instant Video,https://www.amazon.com/gp/product/B000ID3KU6?creativeASIN=B000ID3KU6&ie=UTF8&linkCode=xm2&tag=utellycom00-21
150,tt0064116,Once Upon a Time in the West,Google Play,https://play.google.com/store/movies/details/Once_Upon_A_Time_In_The_West?gl=US&hl=en&id=W6gZVDOoQVQ
151,tt0064116,Once Upon a Time in the West,Amazon Prime Video,https://www.amazon.com/gp/product/B07YMSH52P?creativeASIN=B07YMSH52P&ie=UTF8&linkCode=xm2&tag=utellycom00-21
152,tt0095327,Grave of the Fireflies,iTunes,https://itunes.apple.com/us/movie/grave-of-the-fireflies-dubbed/id790346174
153,tt0095327,Grave of the Fireflies,Hulu,https://www.hulu.com/watch/87e3ac1b-67e2-4e7a-a427-05a8dcce1ea2
154,tt0034583,Casablanca,iTunes,https://itunes.apple.com/us/movie/casablanca/id282640192
155,tt0034583,Casablanca,Google Play,https://play.google.com/store/movies/details/Casablanca?gl=US&hl=en&id=0KGOB1WIjRs
156,tt0034583,Casablanca,Amazon Instant Video,https://www.amazon.com/gp/product/B001EBWING?creativeASIN=B001EBWING&ie=UTF8&linkCode=xm2&tag=utellycom00-21
157,tt7286456,Joker,Amazon Prime Video,https://www.amazon.com/gp/product/B07CSHK2HD?creativeASIN=B07CSHK2HD&ie=UTF8&linkCode=xm2&tag=utellycom00-21
158,tt7286456,Joker,Amazon Instant Video,https://www.amazon.com/gp/product/B07YLPFZQR?creativeASIN=B07YLPFZQR&ie=UTF8&linkCode=xm2&tag=utellycom00-21
159,tt7286456,Joker,iTunes,https://itunes.apple.com/us/movie/joker/id1480861897
160,tt7286456,Joker,Google Play,https://play.google.com/store/movies/details/Joker?gl=US&hl=en&id=v99qLnoiof8.P
161,tt0047396,Rear Window,Amazon Instant Video,https://www.amazon.com/gp/product/B002RSOTSM?creativeASIN=B002RSOTSM&ie=UTF8&linkCode=xm2&tag=utellycom00-21
162,tt0047396,Rear Window,Google Play,https://play.google.com/store/movies/details/Rear_Window?gl=US&hl=en&id=cej4mcm2cAU
163,tt0047396,Rear Window,iTunes,https://itunes.apple.com/us/movie/rear-window-1954/id331414521
164,tt0095765,Cinema Paradiso,iTunes,https://itunes.apple.com/us/movie/cinema-paradiso/id503489740
165,tt0095765,Cinema Paradiso,Google Play,https://play.google.com/store/movies/details/Cinema_Paradiso?gl=US&hl=en&id=xItSXM3JVKI
166,tt0078748,Alien,HBO,https://play.hbogo.com/feature/GXdcapwxSx5uAuwEAACyS
167,tt0078748,Alien,Google Play,https://play.google.com/store/movies/details/Alien?gl=US&hl=en&id=NZ3qKyPxCP0
168,tt0078748,Alien,iTunes,https://itunes.apple.com/us/movie/alien/id361991150
169,tt0078748,Alien,Amazon Instant Video,https://www.amazon.com/gp/product/B00498VS1E?creativeASIN=B00498VS1E&ie=UTF8&linkCode=xm2&tag=utellycom00-21
170,tt0078788,Apocalypse Now: Final Cut,HBO,https://play.hbogo.com/feature/GXjiMqAQeeMPDwwEAAAIN
171,tt0078788,Apocalypse Now: Final Cut,iTunes,https://itunes.apple.com/us/movie/apocalypse-now/id393265788
172,tt0078788,Apocalypse Now: Final Cut,Google Play,https://play.google.com/store/movies/details/Apocalypse_Now?gl=US&hl=en&id=FAlARcNhQ3A
173,tt0078788,Apocalypse Now: Final Cut,Amazon Instant Video,https://www.amazon.com/gp/product/B0045INOCO?creativeASIN=B0045INOCO&ie=UTF8&linkCode=xm2&tag=utellycom00-21
174,tt0209144,Memento,Google Play,https://play.google.com/store/movies/details/Memento?gl=US&hl=en&id=OTKKjdjr-ds
175,tt0209144,Memento,iTunes,https://itunes.apple.com/us/movie/memento/id1288857476
176,tt0209144,Memento,Amazon Instant Video,https://www.amazon.com/gp/product/B0763TLY2N?creativeASIN=B0763TLY2N&ie=UTF8&linkCode=xm2&tag=utellycom00-21
177,tt0082971,Indiana Jones and Raiders of the Lost Ark,Netflix,https://www.netflix.com/title/60011649
178,tt0082971,Indiana Jones and Raiders of the Lost Ark,Amazon Instant Video,https://www.amazon.com/gp/product/B00GIWIYS4?creativeASIN=B00GIWIYS4&ie=UTF8&linkCode=xm2&tag=utellycom00-21
179,tt0082971,Indiana Jones and Raiders of the Lost Ark,Google Play,https://play.google.com/store/movies/details/Indiana_Jones_and_the_Raiders_of_the_Lost_Ark?gl=US&hl=en&id=g44TIJdBrGU
180,tt0082971,Indiana Jones and Raiders of the Lost Ark,iTunes,https://itunes.apple.com/us/movie/indiana-jones-and-the-raiders-of-the-lost-ark/id548593580
181,tt0032553,The Great Dictator,Amazon Instant Video,https://www.amazon.com/gp/product/B004DHNQGQ?creativeASIN=B004DHNQGQ&ie=UTF8&linkCode=xm2&tag=utellycom00-21
182,tt0405094,The Lives of Others,Amazon Instant Video,https://www.amazon.com/gp/product/B000XKZQ74?creativeASIN=B000XKZQ74&ie=UTF8&linkCode=xm2&tag=utellycom00-21
183,tt0405094,The Lives of Others,Google Play,https://play.google.com/store/movies/details/The_Lives_of_Others?gl=US&hl=en&id=RZEUw4F3pEA
184,tt0405094,The Lives of Others,iTunes,https://itunes.apple.com/us/movie/the-lives-of-others/id271275772
185,tt1853728,Django Unchained,Amazon Instant Video,https://www.amazon.com/gp/product/B00CDT41RY?creativeASIN=B00CDT41RY&ie=UTF8&linkCode=xm2&tag=utellycom00-21
186,tt1853728,Django Unchained,iTunes,https://itunes.apple.com/us/movie/django-unchained/id1217954531
187,tt1853728,Django Unchained,Google Play,https://play.google.com/store/movies/details/Django_Unchained?gl=US&hl=en&id=-URDChMSrm8
188,tt0050825,Paths of Glory,iTunes,https://itunes.apple.com/us/movie/paths-of-glory/id280272328
189,tt0050825,Paths of Glory,Google Play,https://play.google.com/store/movies/details/Paths_Of_Glory?gl=US&hl=en&id=DHtwuKQaowY
190,tt0050825,Paths of Glory,Amazon Instant Video,https://www.amazon.com/gp/product/B001BO5B6C?creativeASIN=B001BO5B6C&ie=UTF8&linkCode=xm2&tag=utellycom00-21
191,tt0081505,The Shining: European Cut,iTunes,https://itunes.apple.com/us/movie/the-shining/id522395870
192,tt0081505,The Shining: European Cut,Amazon Instant Video,https://www.amazon.com/gp/product/B000GOUMPI?creativeASIN=B000GOUMPI&ie=UTF8&linkCode=xm2&tag=utellycom00-21
193,tt0081505,The Shining: European Cut,Google Play,https://play.google.com/store/movies/details/The_Shining?gl=US&hl=en&id=r6SAkG9o5vY
194,tt0081505,The Shining: European Cut,FandangoMoviesIVAUS,http://www.fandango.com/The+Shining+%281980%29+40th+Anniversary+Presented+by+TCM_222125/movieoverview
195,tt4154756,Avengers: Infinity War,Netflix,https://www.netflix.com/title/80219127
196,tt4154756,Avengers: Infinity War,iTunes,https://itunes.apple.com/us/movie/avengers-infinity-war/id1370224078
197,tt4154756,Avengers: Infinity War,Google Play,https://play.google.com/store/movies/details/Marvel_Studios_Avengers_Infinity_War?gl=US&hl=en&id=OxzKb4a1Qc4
198,tt4154756,Avengers: Infinity War,Amazon Instant Video,https://www.amazon.com/gp/product/B07FYXNDGN?creativeASIN=B07FYXNDGN&ie=UTF8&linkCode=xm2&tag=utellycom00-21
199,tt0910970,WALL·E,iTunes,https://itunes.apple.com/us/movie/wall-e/id286533539
200,tt0910970,WALL·E,Amazon Instant Video,https://www.amazon.com/gp/product/B0791YP6JD?creativeASIN=B0791YP6JD&ie=UTF8&linkCode=xm2&tag=utellycom00-21
201,tt0910970,WALL·E,Google Play,https://play.google.com/store/movies/details/WALL_E?gl=US&hl=en&id=5RcNwlq7JSw
202,tt0910970,WALL·E,DisneyPlusIVAUS,https://www.disneyplus.com/movies/wall-e/5G1wpZC2Lb6I
203,tt0066763,Anand,Google Play,https://play.google.com/store/movies/details/Anand?gl=US&hl=en&id=ilgksAkkS0g
204,tt0066763,Anand,Amazon Prime Video,https://www.amazon.com/gp/product/B07LDDLDCH?creativeASIN=B07LDDLDCH&ie=UTF8&linkCode=xm2&tag=utellycom00-21
205,tt0043014,Sunset Blvd.,iTunes,https://itunes.apple.com/us/movie/sunset-boulevard-1950/id359354528
206,tt0043014,Sunset Blvd.,Amazon Instant Video,https://www.amazon.com/gp/product/B003PVPXOE?creativeASIN=B003PVPXOE&ie=UTF8&linkCode=xm2&tag=utellycom00-21
207,tt0043014,Sunset Blvd.,Google Play,https://play.google.com/store/movies/details/Sunset_Boulevard?gl=US&hl=en&id=fRObt8mE3kY
208,tt0043014,Sunset Blvd.,Amazon Prime Video,https://www.amazon.com/gp/product/B07VTH3HJG?creativeASIN=B07VTH3HJG&ie=UTF8&linkCode=xm2&tag=utellycom00-21
209,tt4633694,Spider-Man: Into the Spider-Verse,Amazon Instant Video,https://www.amazon.com/gp/product/B07L8Q17X2?creativeASIN=B07L8Q17X2&ie=UTF8&linkCode=xm2&tag=utellycom00-21
210,tt4633694,Spider-Man: Into the Spider-Verse,iTunes,https://itunes.apple.com/us/movie/spider-man-into-the-spider-verse/id1444695454
211,tt4633694,Spider-Man: Into the Spider-Verse,Google Play,https://play.google.com/store/movies/details/Spider_Man_Into_The_Spider_Verse?gl=US&hl=en&id=-NHHc4nIhxk
212,tt4633694,Spider-Man: Into the Spider-Verse,Netflix,https://www.netflix.com/title/81002747
213,tt0119698,Princess Mononoke,FandangoMoviesIVAUS,http://www.fandango.com/Princess+Mononoke+%282001%29_654/movieoverview
214,tt0119698,Princess Mononoke,Amazon Instant Video,https://www.amazon.com/gp/product/B081F8K9ZX?creativeASIN=B081F8K9ZX&ie=UTF8&linkCode=xm2&tag=utellycom00-21
215,tt0119698,Princess Mononoke,iTunes,https://itunes.apple.com/us/movie/princess-mononoke/id1485476692
216,tt0119698,Princess Mononoke,Google Play,https://play.google.com/store/movies/details/Princess_Mononoke_Original_Japanese_Version?gl=US&hl=en&id=Y9BDKhgWAlo.P
217,tt0057012,Dr Strangelove,iTunes,https://itunes.apple.com/us/movie/dr-strangelove-or-how-i-learned-to-stop-worrying-love/id263616854
218,tt0057012,Dr Strangelove,Google Play,https://play.google.com/store/movies/details/Dr_Strangelove_Or_How_I_Learned_To_Stop_Worrying_A?gl=US&hl=en&id=her67M_clPc
219,tt0057012,Dr Strangelove,Amazon Instant Video,https://www.amazon.com/gp/product/B000ZHCQ5U?creativeASIN=B000ZHCQ5U&ie=UTF8&linkCode=xm2&tag=utellycom00-21
220,tt0051201,Witness for the Prosecution,iTunes,https://itunes.apple.com/us/movie/witness-for-the-prosecution/id299598988
221,tt0051201,Witness for the Prosecution,Google Play,https://play.google.com/store/movies/details/Witness_for_the_Prosecution?gl=US&hl=en&id=lPSo5_9kW6s
222,tt0051201,Witness for the Prosecution,Amazon Instant Video,https://www.amazon.com/gp/product/B001NVWPO4?creativeASIN=B001NVWPO4&ie=UTF8&linkCode=xm2&tag=utellycom00-21
223,tt4154796,Avengers: Endgame,iTunes,https://itunes.apple.com/us/movie/avengers-endgame/id1459467957
224,tt4154796,Avengers: Endgame,Amazon Instant Video,https://www.amazon.com/gp/product/B07QYQGXFT?creativeASIN=B07QYQGXFT&ie=UTF8&linkCode=xm2&tag=utellycom00-21
225,tt4154796,Avengers: Endgame,Google Play,https://play.google.com/store/movies/details/Marvel_Studios_Avengers_Endgame?gl=US&hl=en&id=ePpJDKfRAyM
226,tt4154796,Avengers: Endgame,DisneyPlusIVAUS,https://www.disneyplus.com/movies/marvel-studios-avengers-endgame/aRbVJUb2h2Rf
227,tt1345836,Batman - The Dark Knight Rises,iTunes,https://itunes.apple.com/us/movie/the-dark-knight-rises/id567661493
228,tt1345836,Batman - The Dark Knight Rises,Google Play,https://play.google.com/store/movies/details/The_Dark_Knight_Rises?gl=US&hl=en&id=-uK8zoZu2LY.P
229,tt1345836,Batman - The Dark Knight Rises,Amazon Instant Video,https://www.amazon.com/gp/product/B00AHSIQWE?creativeASIN=B00AHSIQWE&ie=UTF8&linkCode=xm2&tag=utellycom00-21
230,tt0087843,Once Upon a Time in America,iTunes,https://itunes.apple.com/us/movie/once-upon-a-time-in-america/id1028072436
231,tt0087843,Once Upon a Time in America,Google Play,https://play.google.com/store/movies/details/Once_Upon_a_Time_in_America?gl=US&hl=en&id=kR4JgSzk0So
232,tt0090605,Aliens,Amazon Instant Video,https://www.amazon.com/gp/product/B004FGFQBS?creativeASIN=B004FGFQBS&ie=UTF8&linkCode=xm2&tag=utellycom00-21
233,tt0090605,Aliens,Google Play,https://play.google.com/store/movies/details/Aliens_Special_Edition?gl=US&hl=en&id=OclSFd9cK3Q
234,tt0090605,Aliens,iTunes,https://itunes.apple.com/us/movie/aliens/id270212246
235,tt0090605,Aliens,HBO,https://play.hbogo.com/feature/GWi7mlA4Vm2G9vAEAAADY
236,tt2380307,Coco,iTunes,https://itunes.apple.com/us/movie/coco-2017/id1307301491
237,tt2380307,Coco,Google Play,https://play.google.com/store/movies/details/Coco?gl=us&hl=en&id=UVFVtJcxXWE
238,tt2380307,Coco,Amazon Instant Video,https://www.amazon.com/gp/product/B0779JC4Q8?creativeASIN=B0779JC4Q8&ie=UTF8&linkCode=xm2&tag=utellycom00-21
239,tt2380307,Coco,DisneyPlusIVAUS,https://www.disneyplus.com/movies/coco-in-spanish/SvWfRZO0Z3mF
240,tt0169547,American Beauty,Google Play,https://play.google.com/store/movies/details/American_Beauty?gl=US&hl=en&id=4qVv7xg-uDY
241,tt0169547,American Beauty,iTunes,https://itunes.apple.com/us/movie/american-beauty/id286334988
242,tt0169547,American Beauty,Amazon Instant Video,https://www.amazon.com/gp/product/B005721Y7Y?creativeASIN=B005721Y7Y&ie=UTF8&linkCode=xm2&tag=utellycom00-21
243,tt0112573,Braveheart,iTunes,https://itunes.apple.com/us/movie/braveheart/id270007336
244,tt0112573,Braveheart,Google Play,https://play.google.com/store/movies/details/Braveheart?gl=US&hl=en&id=yzcziAQuvFk
245,tt0112573,Braveheart,Amazon Instant Video,https://www.amazon.com/gp/product/B07RJBMD5N?creativeASIN=B07RJBMD5N&ie=UTF8&linkCode=xm2&tag=utellycom00-21
246,tt0082096,Das Boot,iTunes,https://itunes.apple.com/us/movie/das-boot-the-directors-cut/id522474678
247,tt0082096,Das Boot,Amazon Instant Video,https://www.amazon.com/gp/product/B00BZBPB98?creativeASIN=B00BZBPB98&ie=UTF8&linkCode=xm2&tag=utellycom00-21
248,tt0082096,Das Boot,Google Play,https://play.google.com/store/movies/details/Das_Boot_director_s_Cut_US_Subtitles?gl=US&hl=en&id=KqpmAdtn6d4
249,tt0082096,Das Boot,Hulu,https://www.hulu.com/watch/315504c1-a4e8-439e-a5c8-52e05f81a125
250,tt1187043,3 Idiots,Netflix,https://www.netflix.com/title/70121522
251,tt1187043,3 Idiots,Amazon Prime Video,https://www.amazon.com/gp/product/B07V7T25QS?creativeASIN=B07V7T25QS&ie=UTF8&linkCode=xm2&tag=utellycom00-21
252,tt0114709,Toy Story,iTunes,https://itunes.apple.com/us/movie/toy-story/id188703840
253,tt0114709,Toy Story,Amazon Instant Video,https://www.amazon.com/gp/product/B005ZMV2EQ?creativeASIN=B005ZMV2EQ&ie=UTF8&linkCode=xm2&tag=utellycom00-21
254,tt0114709,Toy Story,Google Play,https://play.google.com/store/movies/details/Toy_Story?gl=US&hl=en&id=c3986gGp3Qs
255,tt0114709,Toy Story,DisneyPlusIVAUS,https://www.disneyplus.com/movies/toy-story/1Ye1nzUgtF7d
256,tt0057565,High and Low,iTunes,https://itunes.apple.com/us/movie/high-and-low/id897733078
257,tt0057565,High and Low,Amazon Instant Video,https://www.amazon.com/gp/product/B004D18SWY?creativeASIN=B004D18SWY&ie=UTF8&linkCode=xm2&tag=utellycom00-21
258,tt8579674,1917,Amazon Instant Video,https://www.amazon.com/gp/product/B082MQMWV7?creativeASIN=B082MQMWV7&ie=UTF8&linkCode=xm2&tag=utellycom00-21
259,tt8579674,1917,iTunes,https://itunes.apple.com/us/movie/1917/id1490807532
260,tt8579674,1917,Google Play,https://play.google.com/store/movies/details/1917?gl=US&hl=en&id=fXLjkSUlSp4
261,tt0086190,Star Wars: Return of the Jedi,iTunes,https://itunes.apple.com/us/movie/star-wars-return-of-the-jedi/id976965981
262,tt0086190,Star Wars: Return of the Jedi,Amazon Instant Video,https://www.amazon.com/gp/product/B0793BW63C?creativeASIN=B0793BW63C&ie=UTF8&linkCode=xm2&tag=utellycom00-21
263,tt0086190,Star Wars: Return of the Jedi,DisneyPlusIVAUS,https://www.disneyplus.com/movies/star-wars-return-of-the-jedi/6QGKo5mjDBS8
264,tt0086190,Star Wars: Return of the Jedi,Google Play,https://play.google.com/store/movies/details/Star_Wars_Return_of_the_Jedi?gl=US&hl=en&id=d5DZ6P3eL2o
265,tt0086879,Amadeus,iTunes,https://itunes.apple.com/us/movie/amadeus-directors-cut/id297032832
266,tt0086879,Amadeus,Google Play,https://play.google.com/store/movies/details/Amadeus_Director_s_Cut_1984?gl=US&hl=en&id=u9AQycI9ezE
267,tt0105236,Reservoir Dogs,iTunes,https://itunes.apple.com/us/movie/reservoir-dogs/id214582909
268,tt0105236,Reservoir Dogs,Google Play,https://play.google.com/store/movies/details/Reservoir_Dogs?gl=US&hl=en&id=QPtlh89_Z8w
269,tt0105236,Reservoir Dogs,Amazon Instant Video,https://www.amazon.com/gp/product/B001DM1V52?creativeASIN=B001DM1V52&ie=UTF8&linkCode=xm2&tag=utellycom00-21
270,tt0361748,Inglourious Basterds,Amazon Instant Video,https://www.amazon.com/Inglourious-Basterds-Brad-Pitt/dp/B002YCVX5S/ref=sr_1_2?ie=UTF8&qid=1484044890&sr=8-2&keywords=Inglourious+Basterds&tag=utellycom00-21
271,tt0361748,Inglourious Basterds,Google Play,https://play.google.com/store/movies/details/Inglourious_Basterds?gl=US&hl=en&id=wTBWczSoe9U
272,tt0361748,Inglourious Basterds,iTunes,https://itunes.apple.com/us/movie/inglourious-basterds/id1454826860
273,tt0361748,Inglourious Basterds,Netflix,https://www.netflix.com/title/70108777
274,tt0119217,Good Will Hunting,Amazon Instant Video,https://www.amazon.com/gp/product/B006RXQA5I?creativeASIN=B006RXQA5I&ie=UTF8&linkCode=xm2&tag=utellycom00-21
275,tt0119217,Good Will Hunting,Google Play,https://play.google.com/store/movies/details/Good_Will_Hunting?gl=US&hl=en&id=CSZeSlTrgMA
276,tt0119217,Good Will Hunting,iTunes,https://itunes.apple.com/us/movie/good-will-hunting/id432503534
277,tt0119217,Good Will Hunting,Hulu,https://www.hulu.com/watch/0bf6e2a3-4a3f-40f3-b0c3-5e108ff8ffab
278,tt0062622,2001 A Space Odyssey,iTunes,https://itunes.apple.com/us/movie/2001-a-space-odyssey/id285993250
279,tt0062622,2001 A Space Odyssey,Google Play,https://play.google.com/store/movies/details/2001_A_Space_Odyssey?gl=US&hl=en&id=VzyboHtgWlQ
280,tt0062622,2001 A Space Odyssey,Amazon Instant Video,https://www.amazon.com/gp/product/B000HEBCZQ?creativeASIN=B000HEBCZQ&ie=UTF8&linkCode=xm2&tag=utellycom00-21
281,tt0052357,Alfred Hitchcock's Vertigo,iTunes,https://itunes.apple.com/us/movie/vertigo-1958/id284815525
282,tt0052357,Alfred Hitchcock's Vertigo,Google Play,https://play.google.com/store/movies/details/Vertigo?gl=US&hl=en&id=WrOKBmsOw7I
283,tt0052357,Alfred Hitchcock's Vertigo,Amazon Instant Video,https://www.amazon.com/gp/product/B000I9YLXU?creativeASIN=B000I9YLXU&ie=UTF8&linkCode=xm2&tag=utellycom00-21
284,tt0180093,Requiem for a Dream,HBO,https://play.hbogo.com/feature/GXl5wfQ3JLiLCHAEAABKO
285,tt0180093,Requiem for a Dream,Google Play,https://play.google.com/store/movies/details/Requiem_for_a_Dream?gl=US&hl=en&id=7YQEDu07Y8Y
286,tt0180093,Requiem for a Dream,iTunes,https://itunes.apple.com/us/movie/requiem-for-a-dream-directors-cut/id281307971
287,tt0180093,Requiem for a Dream,Amazon Instant Video,https://www.amazon.com/gp/product/B000JCQCW4?creativeASIN=B000JCQCW4&ie=UTF8&linkCode=xm2&tag=utellycom00-21
288,tt0022100,M,iTunes,https://itunes.apple.com/us/movie/m/id518811230
289,tt0022100,M,Amazon Instant Video,https://www.amazon.com/gp/product/B004BUY0T2?creativeASIN=B004BUY0T2&ie=UTF8&linkCode=xm2&tag=utellycom00-21
290,tt5074352,Dangal,Netflix,https://www.netflix.com/title/80166185
291,tt0338013,Eternal Sunshine of the Spotless Mind,iTunes,https://itunes.apple.com/us/movie/eternal-sunshine-of-the-spotless-mind/id303440550
292,tt0338013,Eternal Sunshine of the Spotless Mind,Amazon Instant Video,https://www.amazon.com/gp/product/B001TAFCBC?creativeASIN=B001TAFCBC&ie=UTF8&linkCode=xm2&tag=utellycom00-21
293,tt0338013,Eternal Sunshine of the Spotless Mind,Google Play,https://play.google.com/store/movies/details/Eternal_Sunshine_of_the_Spotless_Mind?gl=US&hl=en&id=NnqPCBAp2fM
294,tt0033467,Citizen Kane,iTunes,https://itunes.apple.com/us/movie/citizen-kane/id447852615
295,tt0033467,Citizen Kane,Google Play,https://play.google.com/store/movies/details/Citizen_Kane?gl=US&hl=en&id=q2LTo4SIsZE
296,tt0033467,Citizen Kane,Amazon Instant Video,https://www.amazon.com/gp/product/B005MMY5RK?creativeASIN=B005MMY5RK&ie=UTF8&linkCode=xm2&tag=utellycom00-21
297,tt2106476,The Hunt,iTunes,https://itunes.apple.com/us/movie/the-hunt/id773057364
298,tt2106476,The Hunt,Google Play,https://play.google.com/store/movies/details/The_Hunt?gl=US&hl=en&id=k9YZi0w1LX0
299,tt2106476,The Hunt,Amazon Instant Video,https://www.amazon.com/gp/product/B00H8A5QOK?creativeASIN=B00H8A5QOK&ie=UTF8&linkCode=xm2&tag=utellycom00-21
300,tt0093058,Full Metal Jacket,Google Play,https://play.google.com/store/movies/details/Full_Metal_Jacket?gl=US&hl=en&id=t-_qLQa4Piw
301,tt0093058,Full Metal Jacket,Amazon Instant Video,https://www.amazon.com/gp/product/B001AMNL2Q?creativeASIN=B001AMNL2Q&ie=UTF8&linkCode=xm2&tag=utellycom00-21
302,tt0093058,Full Metal Jacket,iTunes,https://itunes.apple.com/us/movie/full-metal-jacket/id280930208
303,tt0053125,North by Northwest,iTunes,https://itunes.apple.com/us/movie/north-by-northwest/id328530108
304,tt0053125,North by Northwest,Google Play,https://play.google.com/store/movies/details/North_By_Northwest?gl=US&hl=en&id=FbnKpiC4ZXM
305,tt0053125,North by Northwest,Amazon Instant Video,https://www.amazon.com/gp/product/B002W7P5UE?creativeASIN=B002W7P5UE&ie=UTF8&linkCode=xm2&tag=utellycom00-21
306,tt0066921,A Clockwork Orange,iTunes,https://itunes.apple.com/us/movie/a-clockwork-orange/id422094672
307,tt0066921,A Clockwork Orange,Google Play,https://play.google.com/store/movies/details/A_Clockwork_Orange?gl=US&hl=en&id=tzUR_CmoYLk
308,tt0040522,The Bicycle Thieves,Google Play,https://play.google.com/store/movies/details/Bicycle_Thieves?gl=US&hl=en&id=6LpQ-mqNsbM
309,tt0040522,The Bicycle Thieves,iTunes,https://itunes.apple.com/us/movie/bicycle-thieves/id1093644215
310,tt0040522,The Bicycle Thieves,Amazon Instant Video,https://www.amazon.com/gp/product/B01DCONBIS?creativeASIN=B01DCONBIS&ie=UTF8&linkCode=xm2&tag=utellycom00-21
311,tt0012349,The Kid,Amazon Prime Video,https://www.amazon.com/gp/product/B01LAQRBL8?creativeASIN=B01LAQRBL8&ie=UTF8&linkCode=xm2&tag=utellycom00-21
312,tt0012349,The Kid,Amazon Instant Video,https://www.amazon.com/gp/product/B00C9V5512?creativeASIN=B00C9V5512&ie=UTF8&linkCode=xm2&tag=utellycom00-21
313,tt0208092,"Lock, Stock... and Six Stolen Diamonds",iTunes,https://itunes.apple.com/us/movie/snatch/id284156786
314,tt0208092,"Lock, Stock... and Six Stolen Diamonds",Amazon Instant Video,https://www.amazon.com/gp/product/B003TOPQI0?creativeASIN=B003TOPQI0&ie=UTF8&linkCode=xm2&tag=utellycom00-21
315,tt0208092,"Lock, Stock... and Six Stolen Diamonds",Google Play,https://play.google.com/store/movies/details/Snatch_2000?gl=US&hl=en&id=laNboH3hjiM
316,tt0045152,Singin' in the Rain,iTunes,https://itunes.apple.com/us/movie/singin-in-the-rain/id552624705
317,tt0045152,Singin' in the Rain,Google Play,https://play.google.com/store/movies/details/Singin_In_The_Rain?gl=US&hl=en&id=TYQfaNMTsi0
318,tt0045152,Singin' in the Rain,Amazon Instant Video,https://www.amazon.com/gp/product/B000NI8F5G?creativeASIN=B000NI8F5G&ie=UTF8&linkCode=xm2&tag=utellycom00-21
319,tt0086250,Scarface,iTunes,https://itunes.apple.com/us/movie/scarface-1983/id304604475
320,tt0086250,Scarface,Amazon Instant Video,https://www.amazon.com/gp/product/B000ID37SQ?creativeASIN=B000ID37SQ&ie=UTF8&linkCode=xm2&tag=utellycom00-21
321,tt0086250,Scarface,Google Play,https://play.google.com/store/movies/details/Scarface?gl=US&hl=en&id=arRdMvrjwEI
322,tt0075314,Taxi Driver,Netflix,https://www.netflix.com/title/18907685
323,tt0075314,Taxi Driver,Google Play,https://play.google.com/store/movies/details/Taxi_Driver?gl=US&hl=en&id=KCtgtUFMJCg
324,tt0075314,Taxi Driver,iTunes,https://itunes.apple.com/us/movie/taxi-driver/id543685056
325,tt0075314,Taxi Driver,Amazon Instant Video,https://www.amazon.com/gp/product/B000T433L0?creativeASIN=B000T433L0&ie=UTF8&linkCode=xm2&tag=utellycom00-21
326,tt0056172,Lawrence Of Arabia,Amazon Instant Video,https://www.amazon.com/gp/product/B00REQLV7O?creativeASIN=B00REQLV7O&ie=UTF8&linkCode=xm2&tag=utellycom00-21
327,tt0056172,Lawrence Of Arabia,Google Play,https://play.google.com/store/movies/details/Lawrence_Of_Arabia?gl=US&hl=en&id=sRRufXPVVCg
328,tt0056172,Lawrence Of Arabia,iTunes,https://itunes.apple.com/us/movie/lawrence-of-arabia-restored-version/id533825997
329,tt0070735,The Sting,iTunes,https://itunes.apple.com/us/movie/the-sting/id282285129
330,tt0070735,The Sting,Google Play,https://play.google.com/store/movies/details/The_Sting?gl=US&hl=en&id=NuB3gBJLR_c
331,tt0070735,The Sting,Amazon Instant Video,https://www.amazon.com/gp/product/B000I9S69K?creativeASIN=B000I9S69K&ie=UTF8&linkCode=xm2&tag=utellycom00-21
332,tt0435761,Toy Story 3,Amazon Instant Video,https://www.amazon.com/gp/product/B078WFKZ85?creativeASIN=B078WFKZ85&ie=UTF8&linkCode=xm2&tag=utellycom00-21
333,tt0435761,Toy Story 3,Google Play,https://play.google.com/store/movies/details/Toy_Story_3?gl=us&hl=en&id=XSvTH668d50
334,tt0435761,Toy Story 3,iTunes,https://itunes.apple.com/us/movie/toy-story-3/id381438139
335,tt0435761,Toy Story 3,DisneyPlusIVAUS,https://www.disneyplus.com/movies/toy-story-3/5i3MkHrmohAt
336,tt0017136,Metropolis,Amazon Instant Video,https://www.amazon.com/gp/product/B004R0LJ5E?creativeASIN=B004R0LJ5E&ie=UTF8&linkCode=xm2&tag=utellycom00-21
337,tt0017136,Metropolis,Google Play,https://play.google.com/store/movies/details/The_Complete_Metropolis?gl=US&hl=en&id=8gCeu3BRvuk
338,tt0017136,Metropolis,iTunes,https://itunes.apple.com/us/movie/metropolis/id1355571732
339,tt0044741,Ikiru,iTunes,https://itunes.apple.com/us/movie/ikiru/id1051968037
340,tt0044741,Ikiru,Google Play,https://play.google.com/store/movies/details/Ikiru?gl=US&hl=en&id=9tljVhQbs8k
341,tt0044741,Ikiru,Amazon Instant Video,https://www.amazon.com/gp/product/B004D1RVYU?creativeASIN=B004D1RVYU&ie=UTF8&linkCode=xm2&tag=utellycom00-21
342,tt0059578,For a Few Dollars More,Google Play,https://play.google.com/store/movies/details/For_a_Few_Dollars_More?gl=US&hl=en&id=LYXrF122FTM
343,tt0059578,For a Few Dollars More,iTunes,https://itunes.apple.com/us/movie/for-a-few-dollars-more/id282110414
344,tt0059578,For a Few Dollars More,Amazon Instant Video,https://www.amazon.com/gp/product/B000IZXHQQ?creativeASIN=B000IZXHQQ&ie=UTF8&linkCode=xm2&tag=utellycom00-21
345,tt1832382,A Separation,iTunes,https://itunes.apple.com/us/movie/a-separation/id548686225
346,tt1832382,A Separation,Amazon Instant Video,https://www.amazon.com/gp/product/B0094G427S?creativeASIN=B0094G427S&ie=UTF8&linkCode=xm2&tag=utellycom00-21
347,tt1832382,A Separation,Google Play,https://play.google.com/store/movies/details/A_Seperation?gl=US&hl=en&id=k03APEsAr_w
348,tt0036775,Double Indemnity,iTunes,https://itunes.apple.com/us/movie/double-indemnity/id387298476
349,tt0036775,Double Indemnity,Google Play,https://play.google.com/store/movies/details/Double_Indemnity?gl=US&hl=en&id=l7AjKUDyrCE
350,tt0036775,Double Indemnity,Amazon Instant Video,https://www.amazon.com/gp/product/B0041G1ZJO?creativeASIN=B0041G1ZJO&ie=UTF8&linkCode=xm2&tag=utellycom00-21
351,tt0053604,The Apartment,iTunes,https://itunes.apple.com/us/movie/the-apartment-1960/id303904676
352,tt0053604,The Apartment,Amazon Instant Video,https://www.amazon.com/gp/product/B0089E3T4S?creativeASIN=B0089E3T4S&ie=UTF8&linkCode=xm2&tag=utellycom00-21
353,tt0053604,The Apartment,Google Play,https://play.google.com/store/movies/details/The_Apartment?gl=US&hl=en&id=5eJIgc5WfXw
354,tt1255953,Incendies,Google Play,https://play.google.com/store/movies/details/Incendies?gl=US&hl=en&id=-3w8iFu7M9c
355,tt1255953,Incendies,iTunes,https://itunes.apple.com/us/movie/incendies/id460731763
356,tt1255953,Incendies,Amazon Instant Video,https://www.amazon.com/gp/product/B005MMYSO0?creativeASIN=B005MMYSO0&ie=UTF8&linkCode=xm2&tag=utellycom00-21
357,tt0056592,To Kill a Mockingbird,iTunes,https://itunes.apple.com/us/movie/to-kill-a-mockingbird/id283068031
358,tt0056592,To Kill a Mockingbird,Amazon Prime Video,https://www.amazon.com/gp/product/B07V4NL37T?creativeASIN=B07V4NL37T&ie=UTF8&linkCode=xm2&tag=utellycom00-21
359,tt0097576,Indiana Jones and the Last Crusade,Netflix,https://www.netflix.com/title/60010487
360,tt0097576,Indiana Jones and the Last Crusade,Google Play,https://play.google.com/store/movies/details/Indiana_Jones_and_the_Last_Crusade?gl=US&hl=en&id=eOQHCveZWHg
361,tt0097576,Indiana Jones and the Last Crusade,iTunes,https://itunes.apple.com/us/movie/indiana-jones-and-the-last-crusade/id548597603
362,tt0097576,Indiana Jones and the Last Crusade,Amazon Instant Video,https://www.amazon.com/gp/product/B00GIWBCC4?creativeASIN=B00GIWBCC4&ie=UTF8&linkCode=xm2&tag=utellycom00-21
363,tt1049413,Up,iTunes,https://itunes.apple.com/us/movie/up/id322447599
364,tt1049413,Up,Amazon Instant Video,https://www.amazon.com/gp/product/B0786TBPC9?creativeASIN=B0786TBPC9&ie=UTF8&linkCode=xm2&tag=utellycom00-21
365,tt1049413,Up,Google Play,https://play.google.com/store/movies/details/Up_2009?gl=US&hl=en&id=Usz-0dvT4k4
366,tt1049413,Up,DisneyPlusIVAUS,https://www.disneyplus.com/movies/up/3XiRSXriK0E8
367,tt2095684,L,Amazon Instant Video,https://www.amazon.com/gp/product/B073SH9YLV?creativeASIN=B073SH9YLV&ie=UTF8&linkCode=xm2&tag=utellycom00-21
368,tt0113277,Heat,Google Play,https://play.google.com/store/movies/details/Heat_Director_s_Definitive_Edition?gl=US&hl=en&id=j2CthqCwGwA
369,tt0113277,Heat,Amazon Instant Video,https://www.amazon.com/gp/product/B06XCBHDHH?creativeASIN=B06XCBHDHH&ie=UTF8&linkCode=xm2&tag=utellycom00-21
370,tt0113277,Heat,iTunes,https://itunes.apple.com/us/movie/heat-1995/id1028001760
371,tt0071853,Monty Python's The Holy Grail,Google Play,https://play.google.com/store/movies/details/Monty_Python_and_the_Holy_Grail?gl=US&hl=en&id=E5Z93AkDUqk
372,tt0071853,Monty Python's The Holy Grail,iTunes,https://itunes.apple.com/us/movie/monty-python-and-the-holy-grail/id928259317
373,tt0071853,Monty Python's The Holy Grail,Amazon Instant Video,https://www.amazon.com/gp/product/B07PHMV197?creativeASIN=B07PHMV197&ie=UTF8&linkCode=xm2&tag=utellycom00-21
374,tt0071853,Monty Python's The Holy Grail,Netflix,https://www.netflix.com/title/771476
375,tt0095016,Die Hard,HBO,https://play.hbogo.com/feature/GWl5ibQEpCMLDfQEAAADa
376,tt0095016,Die Hard,Google Play,https://play.google.com/store/movies/details/Die_Hard?gl=US&hl=en&id=X1eS3c8S3Uk
377,tt0095016,Die Hard,iTunes,https://itunes.apple.com/us/movie/die-hard/id270711082
378,tt0095016,Die Hard,Amazon Instant Video,https://www.amazon.com/gp/product/B000SZK41M?creativeASIN=B000SZK41M&ie=UTF8&linkCode=xm2&tag=utellycom00-21
379,tt0055630,Yojimbo,iTunes,https://itunes.apple.com/us/movie/yojimbo/id475039271
380,tt0055630,Yojimbo,Amazon Instant Video,https://www.amazon.com/gp/product/B004DDJRVS?creativeASIN=B004DDJRVS&ie=UTF8&linkCode=xm2&tag=utellycom00-21
381,tt0372784,Dark Knight - Batman Begins,iTunes,https://itunes.apple.com/us/movie/batman-begins/id271469254
382,tt0372784,Dark Knight - Batman Begins,Google Play,https://play.google.com/store/movies/details/Batman_Begins?gl=US&hl=en&id=MzygB9B1SbA
383,tt0372784,Dark Knight - Batman Begins,Amazon Instant Video,https://www.amazon.com/gp/product/B0014D6PCO?creativeASIN=B0014D6PCO&ie=UTF8&linkCode=xm2&tag=utellycom00-21
384,tt6966692,Green Book,Amazon Instant Video,https://www.amazon.com/gp/product/B07KFRFKFS?creativeASIN=B07KFRFKFS&ie=UTF8&linkCode=xm2&tag=utellycom00-21
385,tt6966692,Green Book,iTunes,https://itunes.apple.com/us/movie/green-book/id1441554470
386,tt6966692,Green Book,Google Play,https://play.google.com/store/movies/details/Green_Book?gl=US&hl=en&id=_1hrWZHUjiw
387,tt0118849,Children of Heaven,Google Play,https://play.google.com/store/movies/details/Children_of_Heaven?gl=US&hl=en&id=eNRcM9Wfylo
388,tt0118849,Children of Heaven,Amazon Instant Video,https://www.amazon.com/gp/product/B008RKL8QU?creativeASIN=B008RKL8QU&ie=UTF8&linkCode=xm2&tag=utellycom00-21
389,tt0118849,Children of Heaven,iTunes,https://itunes.apple.com/us/movie/children-of-heaven/id520129699
390,tt0363163,Downfall,Google Play,https://play.google.com/store/movies/details/Downfall?gl=US&hl=en&id=G7WGXizXmTw
391,tt0363163,Downfall,iTunes,https://itunes.apple.com/us/movie/downfall/id1339400125
392,tt0363163,Downfall,Amazon Prime Video,https://www.amazon.com/gp/product/B07TK4X9LX?creativeASIN=B07TK4X9LX&ie=UTF8&linkCode=xm2&tag=utellycom00-21
393,tt0105695,Unforgiven,iTunes,https://itunes.apple.com/us/movie/unforgiven/id273937379
394,tt0105695,Unforgiven,Google Play,https://play.google.com/store/movies/details/Unforgiven?gl=US&hl=en&id=f-Rz_STYgO8
395,tt0105695,Unforgiven,Amazon Instant Video,https://www.amazon.com/gp/product/B001EBV0IA?creativeASIN=B001EBV0IA&ie=UTF8&linkCode=xm2&tag=utellycom00-21
396,tt0053291,Some Like It Hot,iTunes,https://itunes.apple.com/us/movie/some-like-it-hot/id304010936
397,tt0053291,Some Like It Hot,Google Play,https://play.google.com/store/movies/details/Some_Like_It_Hot?gl=US&hl=en&id=NeJ3r2iC5jU
398,tt0053291,Some Like It Hot,Amazon Instant Video,https://www.amazon.com/gp/product/B00A2YBEQS?creativeASIN=B00A2YBEQS&ie=UTF8&linkCode=xm2&tag=utellycom00-21
399,tt0053291,Some Like It Hot,Amazon Prime Video,https://www.amazon.com/gp/product/B00A2YBEQS?creativeASIN=B00A2YBEQS&ie=UTF8&linkCode=xm2&tag=utellycom00-21
400,tt0347149,Howl's Moving Castle,iTunes,https://itunes.apple.com/us/movie/howls-moving-castle/id1485274538
401,tt0347149,Howl's Moving Castle,Amazon Instant Video,https://www.amazon.com/gp/product/B081PSFGJG?creativeASIN=B081PSFGJG&ie=UTF8&linkCode=xm2&tag=utellycom00-21
402,tt0347149,Howl's Moving Castle,Google Play,https://play.google.com/store/movies/details/Howl_s_Moving_Castle?gl=US&hl=en&id=kAq4CmmrTfo.P
403,tt0089881,Revolt,iTunes,https://itunes.apple.com/us/movie/ran-1985/id351844490
404,tt0089881,Revolt,Google Play,https://play.google.com/store/movies/details/Ran?gl=US&hl=en&id=FI7EjGc8W1w
405,tt0057115,The Great Escape,iTunes,https://itunes.apple.com/us/movie/the-great-escape-1963/id268746886
406,tt0057115,The Great Escape,Google Play,https://play.google.com/store/movies/details/The_Great_Escape?gl=US&hl=en&id=opmGG0bNx9E
407,tt0057115,The Great Escape,Amazon Prime Video,https://www.amazon.com/gp/product/B000IZ0WQ4?creativeASIN=B000IZ0WQ4&ie=UTF8&linkCode=xm2&tag=utellycom00-21
408,tt0057115,The Great Escape,Amazon Instant Video,https://www.amazon.com/gp/product/B000IZ0WQ4?creativeASIN=B000IZ0WQ4&ie=UTF8&linkCode=xm2&tag=utellycom00-21
409,tt0042192,All About Eve,iTunes,https://itunes.apple.com/us/movie/all-about-eve/id364595777
410,tt0042192,All About Eve,Google Play,https://play.google.com/store/movies/details/All_About_Eve?gl=US&hl=en&id=dmga-_c2sCI
411,tt0042192,All About Eve,Amazon Instant Video,https://www.amazon.com/gp/product/B003K1IDL4?creativeASIN=B003K1IDL4&ie=UTF8&linkCode=xm2&tag=utellycom00-21
412,tt0268978,A Beautiful Mind,iTunes,https://itunes.apple.com/us/movie/a-beautiful-mind/id324270794
413,tt0268978,A Beautiful Mind,Google Play,https://play.google.com/store/movies/details/A_Beautiful_Mind?gl=US&hl=en&id=vH_5rPGYHb0
414,tt0112641,Casino,iTunes,https://itunes.apple.com/us/movie/casino/id279832976
415,tt0112641,Casino,Google Play,https://play.google.com/store/movies/details/Casino?gl=US&hl=en&id=EVfCjECYXPg
416,tt0112641,Casino,Amazon Instant Video,https://www.amazon.com/gp/product/B0019IMVDG?creativeASIN=B0019IMVDG&ie=UTF8&linkCode=xm2&tag=utellycom00-21
417,tt0457430,Pan's Labyrinth,Netflix,https://www.netflix.com/title/70050507
418,tt0457430,Pan's Labyrinth,iTunes,https://itunes.apple.com/us/movie/pans-labyrinth/id380641437
419,tt0457430,Pan's Labyrinth,Amazon Instant Video,https://www.amazon.com/gp/product/B003XC1OP2?creativeASIN=B003XC1OP2&ie=UTF8&linkCode=xm2&tag=utellycom00-21
420,tt0457430,Pan's Labyrinth,Google Play,https://play.google.com/store/movies/details/Pan_s_Labyrinth?gl=US&hl=en&id=XvJpIktx42k
421,tt0096283,My Neighbour Totoro,iTunes,https://itunes.apple.com/us/movie/my-neighbor-totoro/id1485324750
422,tt0096283,My Neighbour Totoro,Amazon Instant Video,https://www.amazon.com/gp/product/B081LK5NY1?creativeASIN=B081LK5NY1&ie=UTF8&linkCode=xm2&tag=utellycom00-21
423,tt0096283,My Neighbour Totoro,Google Play,https://play.google.com/store/movies/details/My_Neighbor_Totoro_Original_Japanese_Version?gl=US&hl=en&id=BywZfxjmdzc.P
424,tt1305806,The Secret in Their Eyes,iTunes,https://itunes.apple.com/us/movie/the-secret-in-their-eyes/id389902413
425,tt1305806,The Secret in Their Eyes,Amazon Instant Video,https://www.amazon.com/gp/product/B008RKLYMS?creativeASIN=B008RKLYMS&ie=UTF8&linkCode=xm2&tag=utellycom00-21
426,tt1305806,The Secret in Their Eyes,Google Play,https://play.google.com/store/movies/details/The_Secret_In_Their_Eyes?gl=US&hl=en&id=Ixdbkn1hWjA
427,tt0081398,Raging Bull,iTunes,https://itunes.apple.com/us/movie/raging-bull/id757088945
428,tt0081398,Raging Bull,Google Play,https://play.google.com/store/movies/details/Raging_Bull?gl=US&hl=en&id=8_tETBw4dNg
429,tt0081398,Raging Bull,Amazon Instant Video,https://www.amazon.com/gp/product/B00HQ1FCSQ?creativeASIN=B00HQ1FCSQ&ie=UTF8&linkCode=xm2&tag=utellycom00-21
430,tt0081398,Raging Bull,Netflix,https://www.netflix.com/title/70020699
431,tt0120735,"Lock, Stock And Two Smoking Barrels",iTunes,https://itunes.apple.com/us/movie/lock-stock-and-two-smoking-barrels/id281827014
432,tt0120735,"Lock, Stock And Two Smoking Barrels",Google Play,https://play.google.com/store/movies/details/Lock_Stock_and_Two_Smoking_Barrels?gl=US&hl=en&id=OgR85tzMzt4
433,tt0120735,"Lock, Stock And Two Smoking Barrels",Amazon Instant Video,https://www.amazon.com/gp/product/B000ID37QI?creativeASIN=B000ID37QI&ie=UTF8&linkCode=xm2&tag=utellycom00-21
434,tt0993846,The Wolf Of Wall Street,iTunes,https://itunes.apple.com/us/movie/the-wolf-of-wall-street/id774084884
435,tt0993846,The Wolf Of Wall Street,Google Play,https://play.google.com/store/movies/details/The_Wolf_of_Wall_Street?gl=US&hl=en&id=PlSjPfpmhIU
436,tt0993846,The Wolf Of Wall Street,Amazon Instant Video,https://www.amazon.com/gp/product/B00IIU9U00?creativeASIN=B00IIU9U00&ie=UTF8&linkCode=xm2&tag=utellycom00-21
437,tt0040897,The Treasure of the Sierra Madre,iTunes,https://itunes.apple.com/us/movie/the-treasure-of-the-sierra-madre/id283909035
438,tt0040897,The Treasure of the Sierra Madre,Google Play,https://play.google.com/store/movies/details/The_Treasure_of_the_Sierra_Madre?gl=US&hl=en&id=P0srzMtBdw0
439,tt0040897,The Treasure of the Sierra Madre,Amazon Instant Video,https://www.amazon.com/gp/product/B001EBYMBW?creativeASIN=B001EBYMBW&ie=UTF8&linkCode=xm2&tag=utellycom00-21
440,tt0469494,There Will Be Blood,Netflix,https://www.netflix.com/title/70075473
441,tt0469494,There Will Be Blood,Google Play,https://play.google.com/store/movies/details/There_Will_Be_Blood?gl=US&hl=en&id=WbRnuwjicUU
442,tt0469494,There Will Be Blood,iTunes,https://itunes.apple.com/us/movie/there-will-be-blood/id278290639
443,tt0469494,There Will Be Blood,Amazon Instant Video,https://www.amazon.com/gp/product/B0017I91LI?creativeASIN=B0017I91LI&ie=UTF8&linkCode=xm2&tag=utellycom00-21
444,tt5027774,"Three Billboards Outside Ebbing, Missouri",Google Play,https://play.google.com/store/movies/details/Three_Billboards_Outside_Ebbing_Missouri?gl=US&hl=en&id=ZuvYj0-h-Lk
445,tt5027774,"Three Billboards Outside Ebbing, Missouri",iTunes,https://itunes.apple.com/us/movie/three-billboards-outside-ebbing-missouri/id1313637060
446,tt5027774,"Three Billboards Outside Ebbing, Missouri",Amazon Instant Video,https://www.amazon.com/gp/product/B077PL4NPZ?creativeASIN=B077PL4NPZ&ie=UTF8&linkCode=xm2&tag=utellycom00-21
447,tt0015864,The Gold Rush,Amazon Instant Video,https://www.amazon.com/gp/product/B00CJ35MGI?creativeASIN=B00CJ35MGI&ie=UTF8&linkCode=xm2&tag=utellycom00-21
448,tt0071315,Chinatown,iTunes,https://itunes.apple.com/us/movie/chinatown/id208600546
449,tt0071315,Chinatown,Google Play,https://play.google.com/store/movies/details/Chinatown?gl=US&hl=en&id=20FfiP7g4tU
450,tt0071315,Chinatown,Amazon Instant Video,https://www.amazon.com/gp/product/B000IZ7YK6?creativeASIN=B000IZ7YK6&ie=UTF8&linkCode=xm2&tag=utellycom00-21
451,tt0046912,Dial M for Murder,iTunes,https://itunes.apple.com/us/movie/dial-m-for-murder/id271878319
452,tt0046912,Dial M for Murder,Google Play,https://play.google.com/store/movies/details/Dial_M_For_Murder?gl=US&hl=en&id=tUvUDE_Dvt0
453,tt0046912,Dial M for Murder,Amazon Instant Video,https://www.amazon.com/gp/product/B000I0I1JO?creativeASIN=B000I0I1JO&ie=UTF8&linkCode=xm2&tag=utellycom00-21
454,tt0434409,V for Vendetta,iTunes,https://itunes.apple.com/us/movie/v-for-vendetta/id532832837
455,tt0434409,V for Vendetta,Google Play,https://play.google.com/store/movies/details/V_for_Vendetta?gl=US&hl=en&id=Et6M2r3yTAw
456,tt0434409,V for Vendetta,Amazon Instant Video,https://www.amazon.com/gp/product/B000I186FW?creativeASIN=B000I186FW&ie=UTF8&linkCode=xm2&tag=utellycom00-21
457,tt0050976,The Seventh Seal,iTunes,https://itunes.apple.com/us/movie/the-seventh-seal/id474959253
458,tt0050976,The Seventh Seal,Google Play,https://play.google.com/store/movies/details/The_Seventh_Seal?gl=US&hl=en&id=ozr6cpCMw1g
459,tt0050976,The Seventh Seal,Amazon Instant Video,https://www.amazon.com/gp/product/B004D797D2?creativeASIN=B004D797D2&ie=UTF8&linkCode=xm2&tag=utellycom00-21
460,tt0477348,No Country For Old Men,Google Play,https://play.google.com/store/movies/details/No_Country_for_Old_Men?gl=us&hl=en&id=3_zDXJgq5zo
461,tt0477348,No Country For Old Men,Amazon Instant Video,https://www.amazon.com/gp/product/B006H90TLI?creativeASIN=B006H90TLI&ie=UTF8&linkCode=xm2&tag=utellycom00-21
462,tt0477348,No Country For Old Men,iTunes,https://itunes.apple.com/us/movie/no-country-for-old-men/id432467787
463,tt2096673,Inside Out,iTunes,https://itunes.apple.com/us/movie/inside-out-2015/id999607190
464,tt2096673,Inside Out,Amazon Instant Video,https://www.amazon.com/gp/product/B00ZZMEBFS?creativeASIN=B00ZZMEBFS&ie=UTF8&linkCode=xm2&tag=utellycom00-21
465,tt2096673,Inside Out,Google Play,https://play.google.com/store/movies/details/Inside_Out_2015?gl=US&hl=en&id=azZJ29kQ1cY
466,tt2096673,Inside Out,DisneyPlusIVAUS,https://www.disneyplus.com/movies/inside-out/uzQ2ycVDi2IE
467,tt1291584,Warrior,iTunes,https://itunes.apple.com/us/movie/warrior/id467898112
468,tt1291584,Warrior,Amazon Instant Video,https://www.amazon.com/gp/product/B006G3MZRQ?creativeASIN=B006G3MZRQ&ie=UTF8&linkCode=xm2&tag=utellycom00-21
469,tt1291584,Warrior,Amazon Prime Video,https://www.amazon.com/gp/product/B006G3MZRQ?creativeASIN=B006G3MZRQ&ie=UTF8&linkCode=xm2&tag=utellycom00-21
470,tt1291584,Warrior,Hulu,https://www.hulu.com/watch/59b05290-3dc3-4a68-a37e-dae176ea4e12
471,tt1130884,Shutter Island,HBO,https://play.hbogo.com/feature/GXdcRXwaMPcPCwwEAACpu
472,tt1130884,Shutter Island,iTunes,https://itunes.apple.com/us/movie/shutter-island/id365271041
473,tt1130884,Shutter Island,Amazon Instant Video,https://www.amazon.com/gp/product/B003NTSBUG?creativeASIN=B003NTSBUG&ie=UTF8&linkCode=xm2&tag=utellycom00-21
474,tt1130884,Shutter Island,Google Play,https://play.google.com/store/movies/details/Shutter_Island?gl=US&hl=en&id=27Fkm7-mzDs
475,tt0117951,Trainspotting,Google Play,https://play.google.com/store/movies/details/Trainspotting?gl=US&hl=en&id=UJf6U_xIVOo
476,tt0117951,Trainspotting,iTunes,https://itunes.apple.com/us/movie/trainspotting/id451845557
477,tt0080678,The Elephant Man,Google Play,https://play.google.com/store/movies/details/The_Elephant_Man?gl=US&hl=en&id=ox0iDj0M_ug
478,tt0080678,The Elephant Man,Amazon Instant Video,https://www.amazon.com/gp/product/B005DNPJKU?creativeASIN=B005DNPJKU&ie=UTF8&linkCode=xm2&tag=utellycom00-21
479,tt0167404,The Sixth Sense,Google Play,https://play.google.com/store/movies/details/The_Sixth_Sense?gl=US&hl=en&id=UjOUYriND3c
480,tt0167404,The Sixth Sense,Amazon Instant Video,https://www.amazon.com/gp/product/B004NAB9EE?creativeASIN=B004NAB9EE&ie=UTF8&linkCode=xm2&tag=utellycom00-21
481,tt0084787,The Thing,iTunes,https://itunes.apple.com/us/movie/the-thing/id282249286
482,tt0084787,The Thing,Google Play,https://play.google.com/store/movies/details/The_Thing?gl=US&hl=en&id=LXIgCvVX3ho
483,tt0084787,The Thing,Amazon Instant Video,https://www.amazon.com/gp/product/B000ICXQHY?creativeASIN=B000ICXQHY&ie=UTF8&linkCode=xm2&tag=utellycom00-21
484,tt0031381,Gone with the Wind,iTunes,https://itunes.apple.com/us/movie/gone-with-the-wind/id324708730
485,tt0031381,Gone with the Wind,Google Play,https://play.google.com/store/movies/details/Gone_With_The_Wind?gl=US&hl=en&id=Q8iIbO9uBkc
486,tt0031381,Gone with the Wind,Amazon Instant Video,https://www.amazon.com/gp/product/B002W7DSLW?creativeASIN=B002W7DSLW&ie=UTF8&linkCode=xm2&tag=utellycom00-21
487,tt3170832,Room,iTunes,https://itunes.apple.com/us/movie/room/id1040361412
488,tt3170832,Room,Google Play,https://play.google.com/store/movies/details/Room?gl=US&hl=en&id=bmyGpjMLmOA
489,tt3170832,Room,Amazon Instant Video,https://www.amazon.com/gp/product/B016PIL6AS?creativeASIN=B016PIL6AS&ie=UTF8&linkCode=xm2&tag=utellycom00-21
490,tt3170832,Room,Netflix,https://www.netflix.com/title/80073823
491,tt0107290,Jurassic Park I,iTunes,https://itunes.apple.com/us/movie/jurassic-park/id452283395
492,tt0107290,Jurassic Park I,Amazon Instant Video,https://www.amazon.com/gp/product/B008YI91HS?creativeASIN=B008YI91HS&ie=UTF8&linkCode=xm2&tag=utellycom00-21
493,tt0107290,Jurassic Park I,Google Play,https://play.google.com/store/movies/details/Jurassic_Park?gl=US&hl=en&id=f5C7dqrAItM
494,tt0050986,Wild Strawberries,iTunes,https://itunes.apple.com/us/movie/wild-strawberries/id645740867
495,tt0050986,Wild Strawberries,Amazon Instant Video,https://www.amazon.com/gp/product/B004BUUPIM?creativeASIN=B004BUUPIM&ie=UTF8&linkCode=xm2&tag=utellycom00-21
496,tt0083658,Blade Runner,Netflix,https://www.netflix.com/title/70082907
497,tt0083658,Blade Runner,iTunes,https://itunes.apple.com/us/movie/blade-runner/id594314564
498,tt0083658,Blade Runner,Google Play,https://play.google.com/store/movies/details/Blade_Runner?gl=US&hl=en&id=73rx9W5Tmzg
499,tt0083658,Blade Runner,Amazon Instant Video,https://www.amazon.com/gp/product/B0012PDVUS?creativeASIN=B0012PDVUS&ie=UTF8&linkCode=xm2&tag=utellycom00-21
500,tt0083658,Blade Runner,FandangoMoviesIVAUS,http://www.fandango.com/Blade+Runner%3a+The+Final+Cut+%282017%29_206083/movieoverview
501,tt0050212,The Bridge on the River Kwai,Google Play,https://play.google.com/store/movies/details/The_Bridge_on_the_River_Kwai?gl=US&hl=en&id=jZ2hSDILLMU
502,tt0050212,The Bridge on the River Kwai,iTunes,https://itunes.apple.com/us/movie/the-bridge-on-the-river-kwai/id542652214
503,tt0050212,The Bridge on the River Kwai,Amazon Instant Video,https://www.amazon.com/gp/product/B000T45YO4?creativeASIN=B000T45YO4&ie=UTF8&linkCode=xm2&tag=utellycom00-21
504,tt0266543,Finding Nemo,Google Play,https://play.google.com/store/movies/details/Finding_Nemo?gl=US&hl=en&id=EDTaekvVbSI
505,tt0266543,Finding Nemo,iTunes,https://itunes.apple.com/us/movie/finding-nemo/id255295077
506,tt0266543,Finding Nemo,Amazon Instant Video,https://www.amazon.com/gp/product/B078XL38BH?creativeASIN=B078XL38BH&ie=UTF8&linkCode=xm2&tag=utellycom00-21
507,tt0266543,Finding Nemo,DisneyPlusIVAUS,https://www.disneyplus.com/movies/finding-nemo/5Gpj2XqF7BV2
508,tt0079944,Stalker,iTunes,https://itunes.apple.com/us/movie/stalker/id1252214327
509,tt0079944,Stalker,Google Play,https://play.google.com/store/movies/details/Stalker?gl=US&hl=en&id=inAWT9kScbg
510,tt0047296,On the Waterfront,Google Play,https://play.google.com/store/movies/details/On_the_Waterfront?gl=US&hl=en&id=zhVMdoA_XDA
511,tt0047296,On the Waterfront,iTunes,https://itunes.apple.com/us/movie/on-the-waterfront/id541009514
512,tt0047296,On the Waterfront,Amazon Instant Video,https://www.amazon.com/gp/product/B00Q5L5BG6?creativeASIN=B00Q5L5BG6&ie=UTF8&linkCode=xm2&tag=utellycom00-21
513,tt0041959,The Third Man,iTunes,https://itunes.apple.com/us/movie/the-third-man-1949/id344299940
514,tt0041959,The Third Man,Amazon Instant Video,https://www.amazon.com/gp/product/B002OSA3MQ?creativeASIN=B002OSA3MQ&ie=UTF8&linkCode=xm2&tag=utellycom00-21
515,tt0041959,The Third Man,Google Play,https://play.google.com/store/movies/details/The_Third_Man_1949?gl=US&hl=en&id=s28QoPxa-vE
516,tt0116282,Fargo,iTunes,https://itunes.apple.com/us/movie/fargo-1996/id341289724
517,tt0116282,Fargo,Google Play,https://play.google.com/store/movies/details/Fargo_1996?gl=US&hl=en&id=SCZ-Zs3c8fc
518,tt0116282,Fargo,Amazon Instant Video,https://www.amazon.com/gp/product/B0030MDS36?creativeASIN=B0030MDS36&ie=UTF8&linkCode=xm2&tag=utellycom00-21
519,tt0266697,Kill Bill 1,Amazon Instant Video,https://www.amazon.com/gp/product/B006RXQ8RI?creativeASIN=B006RXQ8RI&ie=UTF8&linkCode=xm2&tag=utellycom00-21
520,tt0266697,Kill Bill 1,Google Play,https://play.google.com/store/movies/details/Kill_Bill_Volume_1?gl=US&hl=en&id=7NcUZpBNGU0
521,tt0266697,Kill Bill 1,iTunes,https://itunes.apple.com/us/movie/kill-bill-volume-1/id432516627
522,tt0266697,Kill Bill 1,Hulu,https://www.hulu.com/watch/91101089-b0d6-430e-b967-b18e81b416c0
523,tt0120382,The Truman Show,Amazon Instant Video,https://www.amazon.com/gp/product/B002SGYPS2?creativeASIN=B002SGYPS2&ie=UTF8&linkCode=xm2&tag=utellycom00-21
524,tt0120382,The Truman Show,Google Play,https://play.google.com/store/movies/details/The_Truman_Show?gl=US&hl=en&id=Q9UsEbi1Xks
525,tt0120382,The Truman Show,iTunes,https://itunes.apple.com/us/movie/the-truman-show/id311726400
526,tt1205489,Gran Torino,Google Play,https://play.google.com/store/movies/details/Gran_Torino?gl=US&hl=en&id=l4V8MNxqDgA
527,tt1205489,Gran Torino,iTunes,https://itunes.apple.com/us/movie/gran-torino/id523502254
528,tt1205489,Gran Torino,Amazon Instant Video,https://www.amazon.com/gp/product/B00258SS72?creativeASIN=B00258SS72&ie=UTF8&linkCode=xm2&tag=utellycom00-21
529,tt0046438,Tokyo Story,iTunes,https://itunes.apple.com/us/movie/tokyo-story/id495816081
530,tt0046438,Tokyo Story,Google Play,https://play.google.com/store/movies/details/Tokyo_Story?gl=US&hl=en&id=8dmMPN3ihC8
531,tt0046438,Tokyo Story,Amazon Instant Video,https://www.amazon.com/gp/product/B004CZ4T56?creativeASIN=B004CZ4T56&ie=UTF8&linkCode=xm2&tag=utellycom00-21
532,tt0077416,The Deer Hunter,Google Play,https://play.google.com/store/movies/details/Deer_Hunter?gl=US&hl=en&id=3aED2kxM2qM
533,tt0077416,The Deer Hunter,Amazon Instant Video,https://www.amazon.com/gp/product/B01MXWNT33?creativeASIN=B01MXWNT33&ie=UTF8&linkCode=xm2&tag=utellycom00-21
534,tt4729430,Klaus,Netflix,https://www.netflix.com/title/80183187
535,tt8108198,Andhadhun,iTunes,https://itunes.apple.com/us/movie/andhadhun/id1448101698
536,tt8108198,Andhadhun,Google Play,https://play.google.com/store/movies/details/Andhadhun?gl=US&hl=en&id=N7Yr0oBXBp0
537,tt8108198,Andhadhun,Amazon Instant Video,https://www.amazon.com/gp/product/B07PYYPTQ4?creativeASIN=B07PYYPTQ4&ie=UTF8&linkCode=xm2&tag=utellycom00-21
538,tt8108198,Andhadhun,Netflix,https://www.netflix.com/title/81039381
539,tt0118715,The Big Lebowski,iTunes,https://itunes.apple.com/us/movie/the-big-lebowski/id280338635
540,tt0118715,The Big Lebowski,Google Play,https://play.google.com/store/movies/details/The_Big_Lebowski?gl=US&hl=en&id=tgKhPObZeaw
541,tt0118715,The Big Lebowski,Amazon Instant Video,https://www.amazon.com/gp/product/B00181JGI2?creativeASIN=B00181JGI2&ie=UTF8&linkCode=xm2&tag=utellycom00-21
542,tt0978762,Mary And Max,Amazon Instant Video,https://www.amazon.com/gp/product/B0036V2ZXA?creativeASIN=B0036V2ZXA&ie=UTF8&linkCode=xm2&tag=utellycom00-21
543,tt0978762,Mary And Max,Google Play,https://play.google.com/store/movies/details/Mary_and_Max?gl=US&hl=en&id=LLzfOmiuRPM
544,tt0978762,Mary And Max,iTunes,https://itunes.apple.com/us/movie/mary-and-max/id355394885
545,tt0107207,In the Name of the Father,iTunes,https://itunes.apple.com/us/movie/in-the-name-of-the-father/id379833852
546,tt0107207,In the Name of the Father,Google Play,https://play.google.com/store/movies/details/In_The_Name_of_the_Father?gl=US&hl=en&id=uq_9Vev8C_k
547,tt0107207,In the Name of the Father,Amazon Instant Video,https://www.amazon.com/gp/product/B003WJBC8K?creativeASIN=B003WJBC8K&ie=UTF8&linkCode=xm2&tag=utellycom00-21
548,tt2267998,Gone Girl,iTunes,https://itunes.apple.com/us/movie/gone-girl/id917874539
549,tt2267998,Gone Girl,Amazon Instant Video,https://www.amazon.com/gp/product/B00O4USLK8?creativeASIN=B00O4USLK8&ie=UTF8&linkCode=xm2&tag=utellycom00-21
550,tt2267998,Gone Girl,Google Play,https://play.google.com/store/movies/details/Gone_Girl?gl=US&hl=en&id=u_17_kRZNFU
551,tt2119532,Hacksaw Ridge,iTunes,https://itunes.apple.com/us/movie/hacksaw-ridge/id1168450249
552,tt2119532,Hacksaw Ridge,Amazon Instant Video,https://www.amazon.com/gp/product/B01M3U7GJH?creativeASIN=B01M3U7GJH&ie=UTF8&linkCode=xm2&tag=utellycom00-21
553,tt2119532,Hacksaw Ridge,Google Play,https://play.google.com/store/movies/details/Hacksaw_Ridge?gl=US&hl=en&id=vpa8dNzGjDo.P
554,tt2278388,The Grand Budapest Hotel,iTunes,https://itunes.apple.com/us/movie/the-grand-budapest-hotel/id828777452
555,tt2278388,The Grand Budapest Hotel,Amazon Instant Video,https://www.amazon.com/gp/product/B00JB3O6H0?creativeASIN=B00JB3O6H0&ie=UTF8&linkCode=xm2&tag=utellycom00-21
556,tt2278388,The Grand Budapest Hotel,Google Play,https://play.google.com/store/movies/details/The_Grand_Budapest_Hotel?gl=US&hl=en&id=uC4n3_EK_kA
557,tt1950186,Le Mans '66,Amazon Instant Video,https://www.amazon.com/gp/product/B081F23721?creativeASIN=B081F23721&ie=UTF8&linkCode=xm2&tag=utellycom00-21
558,tt1950186,Le Mans '66,iTunes,https://itunes.apple.com/us/movie/ford-v-ferrari/id1484427364
559,tt1950186,Le Mans '66,Google Play,https://play.google.com/store/movies/details/Ford_v_Ferrari?gl=US&hl=en&id=AphqetTrXt0
560,tt0060827,Persona,Amazon Instant Video,https://www.amazon.com/gp/product/B00FWLGI5I?creativeASIN=B00FWLGI5I&ie=UTF8&linkCode=xm2&tag=utellycom00-21
561,tt0060827,Persona,iTunes,https://itunes.apple.com/us/movie/persona/id686651558
562,tt0112471,Before Sunrise,iTunes,https://itunes.apple.com/us/movie/before-sunrise/id296765959
563,tt0112471,Before Sunrise,Google Play,https://play.google.com/store/movies/details/Before_Sunrise?gl=US&hl=en&id=IqX_AZL8Sl0
564,tt0112471,Before Sunrise,Amazon Instant Video,https://www.amazon.com/gp/product/B001NA6096?creativeASIN=B001NA6096&ie=UTF8&linkCode=xm2&tag=utellycom00-21
565,tt0264464,Catch Me If You Can,Amazon Instant Video,https://www.amazon.com/gp/product/B00B6MAE4I?creativeASIN=B00B6MAE4I&ie=UTF8&linkCode=xm2&tag=utellycom00-21
566,tt0264464,Catch Me If You Can,Google Play,https://play.google.com/store/movies/details/Catch_Me_If_You_Can?gl=US&hl=en&id=jE7-h7mwfPs
567,tt0264464,Catch Me If You Can,iTunes,https://itunes.apple.com/us/movie/catch-me-if-you-can-2002/id315299220
568,tt0892769,How to Train Your Dragon,Amazon Instant Video,https://www.amazon.com/gp/product/B079J5PLV2?creativeASIN=B079J5PLV2&ie=UTF8&linkCode=xm2&tag=utellycom00-21
569,tt0892769,How to Train Your Dragon,iTunes,https://itunes.apple.com/us/movie/how-to-train-your-dragon/id1335415272
570,tt0892769,How to Train Your Dragon,Google Play,https://play.google.com/store/movies/details/How_to_Train_Your_Dragon?gl=US&hl=en&id=MyZ4ZBUqtSs
571,tt0017925,The General,Google Play,https://play.google.com/store/movies/details/The_General?gl=US&hl=en&id=PXpM4W8xF08.P
572,tt0017925,The General,Amazon Prime Video,https://www.amazon.com/gp/product/B01LAQP4IK?creativeASIN=B01LAQP4IK&ie=UTF8&linkCode=xm2&tag=utellycom00-21
573,tt0017925,The General,Amazon Instant Video,https://www.amazon.com/gp/product/B000QCY6XO?creativeASIN=B000QCY6XO&ie=UTF8&linkCode=xm2&tag=utellycom00-21
574,tt0356910,Mr. & Mrs. Smith,HBO,https://play.hbogo.com/feature/GXSyb6QQrn5VLqQEAAAfi
575,tt0356910,Mr. & Mrs. Smith,iTunes,https://itunes.apple.com/us/movie/mr-mrs-smith-unrated/id289556871
576,tt0356910,Mr. & Mrs. Smith,Google Play,https://play.google.com/store/movies/details/Mr_and_Mrs_Smith_Unrated?gl=US&hl=en&id=_7CYIiwNb0A
577,tt0356910,Mr. & Mrs. Smith,Amazon Instant Video,https://www.amazon.com/gp/product/B001GS5BI6?creativeASIN=B001GS5BI6&ie=UTF8&linkCode=xm2&tag=utellycom00-21
578,tt0015324,Sherlock Jr.,Google Play,https://play.google.com/store/movies/details/Sherlock_Jr?gl=us&hl=en&id=35SvKdMc964.P
579,tt1392214,Prisoners,HBO,https://play.hbogo.com/feature/GXSycjQxm7U6olAEAAA_e
580,tt1392214,Prisoners,iTunes,https://itunes.apple.com/us/movie/prisoners-2013/id705064576
581,tt1392214,Prisoners,Amazon Instant Video,https://www.amazon.com/gp/product/B00GT0MVIE?creativeASIN=B00GT0MVIE&ie=UTF8&linkCode=xm2&tag=utellycom00-21
582,tt1392214,Prisoners,Google Play,https://play.google.com/store/movies/details/Prisoners?gl=US&hl=en&id=iOfcoZmtScY
583,tt2024544,12 Years a Slave,iTunes,https://itunes.apple.com/us/movie/12-years-a-slave/id740366955
584,tt2024544,12 Years a Slave,Amazon Instant Video,https://www.amazon.com/gp/product/B00IRMTTPU?creativeASIN=B00IRMTTPU&ie=UTF8&linkCode=xm2&tag=utellycom00-21
585,tt2024544,12 Years a Slave,Google Play,https://play.google.com/store/movies/details/12_Years_a_Slave?gl=US&hl=en&id=vuOaTwuzlrY
586,tt0061512,Cool Hand Luke,iTunes,https://itunes.apple.com/us/movie/cool-hand-luke/id282715645
587,tt0061512,Cool Hand Luke,Google Play,https://play.google.com/store/movies/details/Cool_Hand_Luke?gl=US&hl=en&id=L53DSdhjczc
588,tt0061512,Cool Hand Luke,Amazon Instant Video,https://www.amazon.com/gp/product/B001EC2IXK?creativeASIN=B001EC2IXK&ie=UTF8&linkCode=xm2&tag=utellycom00-21
589,tt1392190,Mad Max - Fury Road,iTunes,https://itunes.apple.com/us/movie/mad-max-fury-road/id990549112
590,tt1392190,Mad Max - Fury Road,Google Play,https://play.google.com/store/movies/details/Mad_Max_Fury_Road?gl=US&hl=en&id=jUHrve5oUQk
591,tt1392190,Mad Max - Fury Road,Amazon Instant Video,https://www.amazon.com/gp/product/B01MDPHCTP?creativeASIN=B01MDPHCTP&ie=UTF8&linkCode=xm2&tag=utellycom00-21
592,tt0072684,Barry Lyndon,Google Play,https://play.google.com/store/movies/details/Barry_Lyndon?gl=US&hl=en&id=yVUqOGkKRC0
593,tt0072684,Barry Lyndon,iTunes,https://itunes.apple.com/us/movie/barry-lyndon/id289169852
594,tt0074958,Network,iTunes,https://itunes.apple.com/us/movie/network/id294011171
595,tt0074958,Network,Google Play,https://play.google.com/store/movies/details/Network?gl=US&hl=en&id=bDzr4BaNU-A
596,tt0074958,Network,Amazon Instant Video,https://www.amazon.com/gp/product/B000I5SY9Q?creativeASIN=B000I5SY9Q&ie=UTF8&linkCode=xm2&tag=utellycom00-21
597,tt0046268,The Wages of Fear,Amazon Instant Video,https://www.amazon.com/gp/product/B004CZFO00?creativeASIN=B004CZFO00&ie=UTF8&linkCode=xm2&tag=utellycom00-21
598,tt0092005,Stand by Me,Google Play,https://play.google.com/store/movies/details/Stand_By_Me?gl=US&hl=en&id=WuxxjACRiNI
599,tt0092005,Stand by Me,iTunes,https://itunes.apple.com/us/movie/stand-by-me/id263821729
600,tt0092005,Stand by Me,Amazon Instant Video,https://www.amazon.com/gp/product/B000ZHBB0Q?creativeASIN=B000ZHBB0Q&ie=UTF8&linkCode=xm2&tag=utellycom00-21
601,tt0758758,Into the Wild,Google Play,https://play.google.com/store/movies/details/Into_The_Wild?gl=US&hl=en&id=WydJ1w31OEI
602,tt0758758,Into the Wild,iTunes,https://itunes.apple.com/us/movie/into-the-wild/id274026970
603,tt0758758,Into the Wild,Amazon Instant Video,https://www.amazon.com/gp/product/B0012FHGCW?creativeASIN=B0012FHGCW&ie=UTF8&linkCode=xm2&tag=utellycom00-21
604,tt0405159,Million Dollar Baby,Google Play,https://play.google.com/store/movies/details/Million_Dollar_Baby?gl=US&hl=en&id=DmYI5-M_foE
605,tt0405159,Million Dollar Baby,Amazon Instant Video,https://www.amazon.com/gp/product/B001EC2IYE?creativeASIN=B001EC2IYE&ie=UTF8&linkCode=xm2&tag=utellycom00-21
606,tt0405159,Million Dollar Baby,iTunes,https://itunes.apple.com/us/movie/million-dollar-baby/id569882422
607,tt0079470,Brian of Nazareth,Google Play,https://play.google.com/store/movies/details/Life_of_Brian?gl=US&hl=en&id=DDRXK3ffjbw
608,tt0079470,Brian of Nazareth,iTunes,https://itunes.apple.com/us/movie/monty-pythons-life-of-brian/id928256836
609,tt0079470,Brian of Nazareth,Amazon Instant Video,https://www.amazon.com/gp/product/B07PF99LJ7?creativeASIN=B07PF99LJ7&ie=UTF8&linkCode=xm2&tag=utellycom00-21
610,tt0079470,Brian of Nazareth,Netflix,https://www.netflix.com/title/699257
611,tt1028532,Hachi: A Dog's Tale,iTunes,https://itunes.apple.com/us/movie/hachi-a-dogs-tale/id355429012
612,tt1028532,Hachi: A Dog's Tale,Amazon Instant Video,https://www.amazon.com/gp/product/B003FHGI9W?creativeASIN=B003FHGI9W&ie=UTF8&linkCode=xm2&tag=utellycom00-21
613,tt1028532,Hachi: A Dog's Tale,Google Play,https://play.google.com/store/movies/details/Hachi_A_Dog_s_Tale?gl=US&hl=en&id=JImj5lV7al4
614,tt0091763,Platoon,Amazon Instant Video,https://www.amazon.com/gp/product/B000ZLPRJ8?creativeASIN=B000ZLPRJ8&ie=UTF8&linkCode=xm2&tag=utellycom00-21
615,tt0091763,Platoon,Google Play,https://play.google.com/store/movies/details/Platoon?gl=US&hl=en&id=dZmTqcXOtgE
616,tt0091763,Platoon,iTunes,https://itunes.apple.com/us/movie/platoon/id268171320
617,tt0091763,Platoon,Amazon Prime Video,https://www.amazon.com/gp/product/B000ZLPRJ8?creativeASIN=B000ZLPRJ8&ie=UTF8&linkCode=xm2&tag=utellycom00-21
618,tt0052618,Ben-Hur,Google Play,https://play.google.com/store/movies/details/Ben_Hur_1959?gl=US&hl=en&id=2cK0U64klnA
619,tt0052618,Ben-Hur,Amazon Instant Video,https://www.amazon.com/gp/product/B001I7W2JG?creativeASIN=B001I7W2JG&ie=UTF8&linkCode=xm2&tag=utellycom00-21
620,tt1979320,Rush,HBO,https://play.hbogo.com/feature/GXioU9wu48oCnrwEAAAEL
621,tt1979320,Rush,iTunes,https://itunes.apple.com/us/movie/rush/id700911218
622,tt1979320,Rush,Google Play,https://play.google.com/store/movies/details/Rush?gl=US&hl=en&id=Vt0ePKRWU4A
623,tt3315342,Wolverine 3,iTunes,https://itunes.apple.com/us/movie/logan/id1207483880
624,tt3315342,Wolverine 3,Google Play,https://play.google.com/store/movies/details/Logan?gl=US&hl=en&id=9GyBK8GeiKo
625,tt3315342,Wolverine 3,Amazon Instant Video,https://www.amazon.com/gp/product/B06XDRRGKQ?creativeASIN=B06XDRRGKQ&ie=UTF8&linkCode=xm2&tag=utellycom00-21
626,tt0097165,Dead Poets Society,iTunes,https://itunes.apple.com/us/movie/dead-poets-society/id206329496
627,tt0097165,Dead Poets Society,Google Play,https://play.google.com/store/movies/details/Dead_Poets_Society?gl=US&hl=en&id=V1j5ViWIyII
628,tt0097165,Dead Poets Society,Amazon Instant Video,https://www.amazon.com/gp/product/B006YGMAIE?creativeASIN=B006YGMAIE&ie=UTF8&linkCode=xm2&tag=utellycom00-21
629,tt1201607,8. Harry Potter and the Deathly Hallows - Part 2,iTunes,https://itunes.apple.com/us/movie/harry-potter-and-the-deathly-hallows-part-2/id455832983
630,tt1201607,8. Harry Potter and the Deathly Hallows - Part 2,Google Play,https://play.google.com/store/movies/details/Harry_Potter_and_the_Deathly_Hallows_Part_2?gl=US&hl=en&id=08mJWU1w79w
631,tt0060107,Andrei Rublev,iTunes,https://itunes.apple.com/us/movie/andrei-rublev/id1430683270
632,tt0053198,The 400 Blows,iTunes,https://itunes.apple.com/us/movie/the-400-blows/id474110329
633,tt0053198,The 400 Blows,Google Play,https://play.google.com/store/movies/details/The_400_Blows?gl=US&hl=en&id=PvjUhgtn_-U
634,tt0053198,The 400 Blows,Amazon Instant Video,https://www.amazon.com/gp/product/B002QWDG4W?creativeASIN=B002QWDG4W&ie=UTF8&linkCode=xm2&tag=utellycom00-21
635,tt0395169,Hotel Rawanda,Amazon Instant Video,https://www.amazon.com/gp/product/B002BVOY7G?creativeASIN=B002BVOY7G&ie=UTF8&linkCode=xm2&tag=utellycom00-21
636,tt0395169,Hotel Rawanda,Google Play,https://play.google.com/store/movies/details/Hotel_Rwanda?gl=US&hl=en&id=hQP0TJkH9es
637,tt0395169,Hotel Rawanda,iTunes,https://itunes.apple.com/us/movie/hotel-rwanda/id308787634
638,tt0245712,Amores perros,Google Play,https://play.google.com/store/movies/details/Amores_Perros?gl=US&hl=en&id=a3F8TwPbwcY
639,tt0245712,Amores perros,iTunes,https://itunes.apple.com/us/movie/amores-perros/id294584371
640,tt0245712,Amores perros,Amazon Instant Video,https://www.amazon.com/gp/product/B004LQLLAM?creativeASIN=B004LQLLAM&ie=UTF8&linkCode=xm2&tag=utellycom00-21
641,tt0245712,Amores perros,Amazon Prime Video,https://www.amazon.com/gp/product/B0865HMNHC?creativeASIN=B0865HMNHC&ie=UTF8&linkCode=xm2&tag=utellycom00-21
642,tt0405508,Rang De Basanti,Netflix,https://www.netflix.com/title/70047320
643,tt1895587,Spotlight,iTunes,https://itunes.apple.com/us/movie/spotlight/id1058061902
644,tt1895587,Spotlight,Amazon Instant Video,https://www.amazon.com/gp/product/B01AZ86LFO?creativeASIN=B01AZ86LFO&ie=UTF8&linkCode=xm2&tag=utellycom00-21
645,tt1895587,Spotlight,Google Play,https://play.google.com/store/movies/details/Spotlight?gl=US&hl=en&id=DCIL7WbyIKM
646,tt0087544,Nausicaä of the Valley of the Wind,iTunes,https://itunes.apple.com/us/movie/nausica%C3%A4-of-the-valley-of-the-wind/id1485648489
647,tt0087544,Nausicaä of the Valley of the Wind,Amazon Instant Video,https://www.amazon.com/gp/product/B08127T2CP?creativeASIN=B08127T2CP&ie=UTF8&linkCode=xm2&tag=utellycom00-21
648,tt0087544,Nausicaä of the Valley of the Wind,Google Play,https://play.google.com/store/movies/details/Nausica%C3%A4_of_the_Valley_of_the_Wind?gl=US&hl=en&id=iyN3PBNQ98A.P
649,tt4016934,Lady,Amazon Prime Video,https://www.amazon.com/gp/product/B01M0W0BJG?creativeASIN=B01M0W0BJG&ie=UTF8&linkCode=xm2&tag=utellycom00-21
650,tt8613070,Portrait of a Lady on Fire,AtomTicketsIVAUS,https://www.atomtickets.com/movies/portrait-of-a-lady-on-fire/292663
651,tt8613070,Portrait of a Lady on Fire,Hulu,https://www.hulu.com/watch/d514447d-1954-4bf8-8164-fa3d6fdfe73f
652,tt8613070,Portrait of a Lady on Fire,iTunes,https://itunes.apple.com/us/movie/portrait-of-a-lady-on-fire/id1505476021
653,tt0075148,Rocky,iTunes,https://itunes.apple.com/us/movie/rocky/id219214592
654,tt0075148,Rocky,Google Play,https://play.google.com/store/movies/details/Rocky?gl=US&hl=en&id=PZ0a2tUh4Nc
655,tt0075148,Rocky,Amazon Instant Video,https://www.amazon.com/gp/product/B0017VV816?creativeASIN=B0017VV816&ie=UTF8&linkCode=xm2&tag=utellycom00-21
656,tt0198781,"Monsters, Inc.",iTunes,https://itunes.apple.com/us/movie/monsters-inc/id265727985
657,tt0198781,"Monsters, Inc.",Google Play,https://play.google.com/store/movies/details/Monsters_Inc?gl=US&hl=en&id=jTd9g47MQAw
658,tt0198781,"Monsters, Inc.",Amazon Instant Video,https://www.amazon.com/gp/product/B0791Y3CR3?creativeASIN=B0791Y3CR3&ie=UTF8&linkCode=xm2&tag=utellycom00-21
659,tt0198781,"Monsters, Inc.",DisneyPlusIVAUS,https://www.disneyplus.com/movies/monsters-inc/5vQuMGjgTZz5
660,tt0113247,La Haine,iTunes,https://itunes.apple.com/us/movie/la-haine/id540812594
661,tt0113247,La Haine,Amazon Instant Video,https://www.amazon.com/gp/product/B00A5IZCR8?creativeASIN=B00A5IZCR8&ie=UTF8&linkCode=xm2&tag=utellycom00-21
662,tt0025316,It Happened One Night,Google Play,https://play.google.com/store/movies/details/It_Happened_One_Night?gl=US&hl=en&id=6M_mskKPbgU
663,tt0025316,It Happened One Night,iTunes,https://itunes.apple.com/us/movie/it-happened-one-night/id271284909
664,tt0025316,It Happened One Night,Amazon Instant Video,https://www.amazon.com/gp/product/B000ZHAT3Q?creativeASIN=B000ZHAT3Q&ie=UTF8&linkCode=xm2&tag=utellycom00-21
665,tt1954470,Gangs Of Wasseypur,iTunes,https://itunes.apple.com/us/movie/gangs-of-wasseypur-ii/id1251203310
666,tt1954470,Gangs Of Wasseypur,Google Play,https://play.google.com/store/movies/details/Gangs_of_Wasseypur_2?gl=US&hl=en&id=vij0OdW6Bb4
667,tt1954470,Gangs Of Wasseypur,Amazon Instant Video,https://www.amazon.com/gp/product/B073SH3KZ4?creativeASIN=B073SH3KZ4&ie=UTF8&linkCode=xm2&tag=utellycom00-21
668,tt0381681,Before Sunset,Google Play,https://play.google.com/store/movies/details/Before_Sunset?gl=US&hl=en&id=rI2vn2OfcDY
669,tt0381681,Before Sunset,Amazon Instant Video,https://www.amazon.com/gp/product/B001N9ESQ4?creativeASIN=B001N9ESQ4&ie=UTF8&linkCode=xm2&tag=utellycom00-21
670,tt0381681,Before Sunset,iTunes,https://itunes.apple.com/us/movie/before-sunset/id295621095
671,tt0093779,The Princess Bride,Google Play,https://play.google.com/store/movies/details/Princess_Bride?gl=US&hl=en&id=BnkfVvZ9q_0
672,tt0093779,The Princess Bride,iTunes,https://itunes.apple.com/us/movie/the-princess-bride/id263952053
673,tt0093779,The Princess Bride,Amazon Instant Video,https://www.amazon.com/gp/product/B000VEPL2M?creativeASIN=B000VEPL2M&ie=UTF8&linkCode=xm2&tag=utellycom00-21
674,tt1454029,The Help,iTunes,https://itunes.apple.com/us/movie/the-help/id458062374
675,tt1454029,The Help,Google Play,https://play.google.com/store/movies/details/The_Help?gl=US&hl=en&id=CYx1LBFsvEk
676,tt1454029,The Help,Amazon Instant Video,https://www.amazon.com/gp/product/B006G2124E?creativeASIN=B006G2124E&ie=UTF8&linkCode=xm2&tag=utellycom00-21
677,tt0087884,"Paris, Texas",iTunes,https://itunes.apple.com/us/movie/paris-texas/id482113586
678,tt0087884,"Paris, Texas",Amazon Instant Video,https://www.amazon.com/gp/product/B00BGR80NA?creativeASIN=B00BGR80NA&ie=UTF8&linkCode=xm2&tag=utellycom00-21
679,tt4857264,The Invisible Guest,Netflix,https://www.netflix.com/title/80093106
680,tt4430212,Drishyam,iTunes,https://itunes.apple.com/us/movie/drishyam/id1095955122
681,tt4430212,Drishyam,Amazon Instant Video,https://www.amazon.com/gp/product/B01CZE8D5M?creativeASIN=B01CZE8D5M&ie=UTF8&linkCode=xm2&tag=utellycom00-21
682,tt4430212,Drishyam,Google Play,https://play.google.com/store/movies/details/Drishyam?gl=US&hl=en&id=DqDUdAJMjgQ
683,tt4430212,Drishyam,Netflix,https://www.netflix.com/title/80068117
684,tt0088247,The Terminator,Google Play,https://play.google.com/store/movies/details/The_Terminator?gl=US&hl=en&id=-fN82upbGPo
685,tt0088247,The Terminator,iTunes,https://itunes.apple.com/us/movie/the-terminator/id271991087
686,tt0088247,The Terminator,Amazon Instant Video,https://www.amazon.com/gp/product/B00153ZC8Q?creativeASIN=B00153ZC8Q&ie=UTF8&linkCode=xm2&tag=utellycom00-21
687,tt0088247,The Terminator,FandangoMoviesIVAUS,http://www.fandango.com/The+Terminator_22941/movieoverview
688,tt0043338,Ace In The Hole,Google Play,https://play.google.com/store/movies/details/Ace_In_The_Hole?gl=US&hl=en&id=Gm6aktxaJsA
689,tt0043338,Ace In The Hole,Amazon Instant Video,https://www.amazon.com/gp/product/B00170F0MK?creativeASIN=B00170F0MK&ie=UTF8&linkCode=xm2&tag=utellycom00-21
690,tt0169102,Land Tax,Netflix,https://www.netflix.com/title/60020906
691,tt0064115,Butch Cassidy and the Sundance Kid,iTunes,https://itunes.apple.com/us/movie/butch-cassidy-and-the-sundance-kid/id401101707
692,tt0064115,Butch Cassidy and the Sundance Kid,Google Play,https://play.google.com/store/movies/details/Butch_Cassidy_the_Sundance_Kid?gl=US&hl=en&id=Zi12QFYtDK0
693,tt0103639,Aladdin,Amazon Instant Video,https://www.amazon.com/gp/product/B00YMIVLMW?creativeASIN=B00YMIVLMW&ie=UTF8&linkCode=xm2&tag=utellycom00-21
694,tt0103639,Aladdin,Google Play,https://play.google.com/store/movies/details/Aladdin?gl=US&hl=en&id=Pzo8yxpvFI0
695,tt0103639,Aladdin,DisneyPlusIVAUS,https://www.disneyplus.com/movies/aladdin-1992/2SngByljXESE
696,tt2338151,PK,Netflix,https://www.netflix.com/title/70303496
697,tt0094625,Akira,Hulu,https://www.hulu.com/watch/64a5a8d0-1406-4178-97a5-2649504faa85
698,tt0050613,Throne of Blood,iTunes,https://itunes.apple.com/us/movie/throne-of-blood/id773524416
